kod,vyucujici,role,datum,rocnik,program,text
NAIL069,"prof. RNDr. Roman Barták, Ph.D.",přednáška,15.02.2026,1. Ročník,Informatika - Umělá inteligence,"Přednášející je svým výkladem velmi silný, kvalitně předává sylabus."
NAIL069,"prof. RNDr. Roman Barták, Ph.D.",přednáška,15.02.2026,1. Ročník,Computer Science - Artificial Intelligence,"The professor has great depth in the topics, and he makes the lecture engaging"
NAIL069,"prof. RNDr. Roman Barták, Ph.D.",přednáška,12.02.2026,1. ročník,Bioinformatika,"Pan profesor Barták má velmi strukturovaný a přehledný výklad, hodiny mi přišly moc fajn, jediné co bych vytkla je přetahování na konci přednášek."
NAIL069,"prof. RNDr. Roman Barták, Ph.D.",přednáška,02.02.2026,1. ročník,Informatika - Umělá inteligence,"Skvělé prezentování, pan Barták umí výborně předat informace."
NAIL069,"prof. RNDr. Roman Barták, Ph.D.",přednáška,13.01.2026,1. ročník,Bioinformatika,"Přednášky mi přišly zprvu fajn, ale později už jsem přestala profesorovo tempo stíhat. Nejsem z oboru umělé inteligence a většina pojmů pro mě byla nová. Pro úplnost, předpoklady toho předmětu, znalost výrokové a predikátové logiky, splňuji. Odpovídající předmět jsem absolvovala. ""Přespolnost"" mého studia se na zkoušce velmi projevila. Nechci rozporovat jakékoliv hodnocení, ale bohužel zkouška se celá dle profesorova pohledu a tónu nesla v duchu: ""Nesypete to jako básničku verš po verši. Jak to, že jste tady?"" Pan profesor dokonce i řekl: ""Eh, nejste matfyzák. Prostě na to nemáte hlavu."" To asi nikdo nechce na zkoušce takto slyšet, ať je nebo není matfyzák a jeho výkon na zkoušce je jakýkoliv. Dodám, že pan profesor snad zachytil, že to nebyl dobrý komentář. Doporučení ostatním studentům, zdá se mi, že je lepší umět jen některá témata, ale do posledního detailu a porovnání."
NAIL069,"prof. RNDr. Roman Barták, Ph.D.",přednáška,16.02.2025,1. ročník,Informatika - Umělá inteligence,"Myslím, že tady došlo k nějaké špatné interpretaci. Nikdy jsem žádnému studentovi neřekl, že ""na to nemá hlavu"", a rozhodně při zkoušce nechci „recitovat“ ze slajdů jako básničku. Důležité je porozumění látce a zdánlivý „detail“ může být klíčový. Chtěl bych také varovat před doporučením naučit se jen jedno téma, pravděpodobnost, že ho dostanete u zkoušky, je poměrně malá."
NAIL069,"prof. RNDr. Roman Barták, Ph.D.",přednáška,09.01.2025,1. ročník,Informatika - Umělá inteligence,Pán Barták je výborný přednášející :)
NAIL069,"prof. RNDr. Roman Barták, Ph.D.",přednáška,18.02.2024,1. Ročník,Computer Science - Artificial Intelligence,"Explains everything into smaller details. Asks great questions, which test your understanding of the subject. On the exam that can be a little annoying, but I feel like I learned a lot!"
NAIL069,"prof. RNDr. Roman Barták, Ph.D.",přednáška,18.02.2024,1. Ročník,Informatika - Umělá inteligence,"Masterful explanations, helpful answers to the students questions and doubts. The evaluation was fair and thorough. Just Excellent."
NAIL069,"RNDr. Jiří Fink, Ph.D.",cvičení,13.01.2026,1. ročník,Bioinformatika,"Velmi oceňuji jeho snahu přizpůsobit hodinu lidem, které učil. Po větsinou jsme nebyli bakalářští informatici, ale třeba bioinformatici, jejichž studijní program je jiný. Byl přizpůsobivý i tomu, že člověk potřebuje jiné vysvětlení, aby se chytl. Hodiny mě bavily. Požadavky na zápočet mi připadají přiměřené."
NAIL069,"RNDr. Jiří Švancara, Ph.D.",cvičení,15.02.2026,1. Ročník,Informatika - Umělá inteligence,"Vyučující vede cvičení velice kvalitně, reaguje na místě i online velice svižně a pochopitelně."
NAIL069,"RNDr. Jiří Švancara, Ph.D.",cvičení,15.02.2026,1. Ročník,Computer Science - Artificial Intelligence,"Very prepared, reinforces the terms that are required from the lectures, which is a good way to keep the content fresh"
NAIL069,"RNDr. Jiří Švancara, Ph.D.",cvičení,12.02.2026,1. ročník,Bioinformatika,"Pan doktor Švancara byl moc milý a nápomocný, cvičení byla zajímavá, zábavná a velmi přínosná, moc děkuji."
NAIL069,"RNDr. Jiří Švancara, Ph.D.",cvičení,10.02.2026,1. Ročník,Mathematical Analysis,Nothing to add
NAIL069,"RNDr. Jiří Švancara, Ph.D.",cvičení,09.01.2025,1. ročník,Informatika - Umělá inteligence,"Interesting tasks, really nicely commented code. Challenging yet fulfilling homework."
NAIL069,"RNDr. Jiří Švancara, Ph.D.",cvičení,09.01.2025,3. Ročník,Informatika,Vstřícný přístup. Ocenil jsem zopakování látky z přednášky a projití zadání k domácím úkolům.
NAIL069,"RNDr. Jiří Švancara, Ph.D.",cvičení,18.02.2024,1. Ročník,Informatika - Umělá inteligence,"Skvělý cvičící, který vždy živě diskutuje nad tématem a je ochotný kdykoli komukoli pomoci."
NAIL069,"RNDr. Jiří Švancara, Ph.D.",cvičení,14.02.2024,1. Ročník,Computer Science - Artificial Intelligence,"Professor Švancara employs a conversational and hands-on teaching approach that fosters an engaging learning environment. His quick-witted nature, cooperative spirit, and encouraging demeanor create a positive atmosphere in the classroom. Notably, he is open to questioning the norm and remains receptive to improved solutions. I also had the opportunity to experience his teaching during a couple of lectures when Professor Bartak was unavailable. Despite encountering unexpected technical glitches in the slides, Professor Švancara ensured a smooth and enjoyable learning experience. It has indeed been an honor to be his student."
NAIL069,"RNDr. Jiří Švancara, Ph.D.",cvičení,02.01.2024,1. Ročník,Informatika - Vizuální výpočty a vývoj počítačových her,"Skvělá komunikace, feedback."
NAIL069,,cvičení,15.02.2026,1. Ročník,Informatika - Umělá inteligence,Cvičení skvěle doplňuje přednášky. Domácí úkoly dávají smysl.
NAIL069,,cvičení,15.02.2026,1. Ročník,Computer Science - Artificial Intelligence,"Interesting exercises, very aligned with the lectures which makes it easier to remember some concepts"
NAIL069,,cvičení,10.02.2026,1. Ročník,Mathematical Analysis,This part was useful to make a link between theory and pratical. We were correctly guide to understand what kind of agents we should use in function of the game we had to code.
NAIL069,,cvičení,13.01.2026,1. ročník,Bioinformatika,"Cvičí obsah hodiny uzpůsobal přítomným studentům. Pokud nám nebylo něco jasné z přednášky, věnovali jsme se tomu. Jinak jsme probírali látku potřebnou k úkolům."
NAIL069,,cvičení,14.02.2025,1. Ročník,Informatika - Umělá inteligence,"Moc se mi líbily domácí úkoly z tohoto předmětu. Každý domácí úkol byla hra, kterou jsem si mohl zahrát, pochopit, jak funguje, a vytvořit nějakou strategii, aby ji agent vyřešil. To bylo skvělé!"
NAIL069,,cvičení,09.01.2025,3. Ročník,Informatika,Super zábavné úkoly.
NAIL069,,cvičení,18.02.2024,1. Ročník,Informatika - Umělá inteligence,"Cvičení nejsou povinná, ale hodí se a jsou fajn. Úkoly byly zábavné a člověk si i může rozvrhnout, jak s nimi bodově vyjde. Přijde mi škoda, že jsou jen jednou za týden. Myslím, že by se toho mohlo dělat víc."
NAIL069,,cvičení,14.02.2024,1. Ročník,Computer Science - Artificial Intelligence,"The tutorials are very well presented. They are very conversational. As for the cohesion of the lectures, the tutorial does not cover all the topics discussed. I believe this to be the case due to the assignment design, which reasonably focuses more on certain parts of the course. If anything, I had some trouble with the technical adaptation of the assignment codebase. I think the documentation could be compressed into a blueprint of the necessary information, which is enough to solve the exercises."
NAIL069,,cvičení,22.01.2024,2. ročník,Informatika - Umělá inteligence,"Musím říct, že jsem s úkoly nejprve spokojený nebyl, protože jsem měl pocit, že příliš času trávím nad tím, jak se má vlastně co napsat a kde hledat které atributy a metody. Nakonec se mi ale moc líbily. Přišlo mi, že mi pomohly i lépe pochopit jednotlivé algoritmy, jak se kde dají aplikovat a podobně."
NAIL069,,cvičení,02.01.2024,1. Ročník,Informatika - Vizuální výpočty a vývoj počítačových her,"Cvičení zajímavé, ale jednou za 14 dní je za mě málo."
NAIL069,,přednáška,15.02.2026,1. ročník,Informatika - Umělá inteligence,"Předmět působí jako velice kvalitní přehled oborem umělé inteligence. Překryv s předmět Úvod do umělé inteligence je značný, i přes to pokročilá témata zahrnuje kvalitně."
NAIL069,,přednáška,12.02.2026,1. ročník,Bioinformatika,"Velice zajímavý předmět, přehledné, strukturované přednášky."
NAIL069,,přednáška,10.02.2026,1. Ročník,Mathematical Analysis,"I appreciated the concrete exemples to really understand how the different kind of algorithms evolve. The lecture was passionate and the fact to have different teacher wasn't a problem, it has even created a good dynamics."
NAIL069,,přednáška,13.01.2026,1. ročník,Bioinformatika,"Algoritmy v prezentacích mi přišly těžko čitelné vůči jiným materiálům, které jsem za své studium na matfyzu viděla. A příklady průběhu algoritmu děravé."
NAIL069,,přednáška,16.02.2025,1. ročník,Informatika - Umělá inteligence,"Aby šlo výklad a slajdy zlepšit, hodilo by se popsat, co konkrétně je na algoritmech špatně čitelné (jedná se o psedokódy, které přirozeně při implementaci chtějí doplnit o technické detaily) a kde konkrétně byly díry v příkladech běhu."
NAIL069,,přednáška,14.02.2025,1. Ročník,Informatika - Umělá inteligence,"Slidy mi přišli trochu zastaralé a občas bylo těžký pochopit o co jde (oproti originální učebnici ""Russell, Norvig - Artificial intelligence. A Modern approach""). Pan"
NAIL069,,přednáška,18.02.2024,1. Ročník,Computer Science - Artificial Intelligence,"Velmi mě mrzelo, že má předmět opravdu velký průnik s bakalářskými předměty Úvod do umělé inteligence s Výroková a predikátová logika. Přišlo mi, že pro mě bylo přibližně 80% předmětu opakování. Pokud předmět nemáte jako povinný a jen vás zajímá úvod do témat klasické umělé inteligence, doporučuji spíše právě ten bakalářský předmět."
NAIL069,,přednáška,18.02.2024,1. Ročník,Informatika - Umělá inteligence,Optimal architecture for this course. Extremely well-paced.
NTIN066,"RNDr. Jiří Fink, Ph.D.",cvičení,22.01.2026,1. Ročník,Informatika - Softwarové systémy,"Fakt super, povedené cvičení - krásně se navazovalo na přednášku, vše vždy bylo moc pěkně vysvětleno - je vidět, že vyučující je opravdu velmi znalým odborníkem :)"
NTIN066,"RNDr. Jiří Fink, Ph.D.",cvičení,14.01.2026,1. Ročník,Informatika - Softwarové a datové inženýrství,"Prý je fajn, ale já na cvičení nechodil a nemohu to potvrdit :)"
NTIN066,"RNDr. Jiří Fink, Ph.D.",cvičení,12.01.2026,1. ročník,Informatika - Softwarové systémy,"Dobrá a celkem rychlá zpětná vazba k úkolům. Cvičení vedl dobře a připojil k přednášce praktické využití a kontext, což rozšířilo znalosti nad to co se musí. Cvičení je trochu přednáškové, ale v tomto předmětu to není na škodu."
NTIN066,"RNDr. Jiří Fink, Ph.D.",cvičení,13.02.2024,1. ročník,Informatika - Diskrétní modely a algoritmy,"Cvičení je zajímavé a člověk se tam dozví věci, které se na přednášce nestihnou a hezky vše propojí."
NTIN066,"RNDr. Jiří Fink, Ph.D.",cvičení,13.01.2024,1. ročník,Informatika - Softwarové a datové inženýrství,"Cvičení jsem se rozhodl po prvních pár hodinách nenavštěvovat. Osobně věřím a doufám, že na MFF není potřeba hned na prvním cvičení 10 minut řešit to, abychom neodevzdávali cizí/zkopírovaná řešení do ReCodExu (to bylo to jediné, co jsem si z prvního cvika odnesl). Dále jsem měl pocit, že se hodně času tráví ""ničím"" - buď se čekalo na odpověď, nebo bylo půl minuty po zodpovězení otázky ticho. Je možné, že se to později v semestru zlepšilo, nedokážu posoudit. Opravování úkolů bylo velmi rychlé a úkoly byly dobře ohodnocené."
NTIN066,"RNDr. Jiří Fink, Ph.D.",přednáška,16.02.2025,1. Ročník,Informatika - Softwarové a datové inženýrství,"Přednášky nemají záznamy, což je kompenzováno dostupností nahrávek dr. Mareše, které nastavují laťku opravdu vysoko a tak rozumím, že se snad vyučujícímu nechce snažit je překonat. Oceňuji transparentnost požadavků na zkoušku ve formě zveřejnění všech možných kombinací otázek. Vyučující nekomunikuje se studenty, např. ohledně toho, zda bude vypisovat i termíny v letním semestru."
NTIN066,"RNDr. Jiří Fink, Ph.D.",přednáška,16.02.2025,1. ročník,Informatika - Jazykové technologie a počítačová lingvistika,"Přednášet ""paralelně"" s MM je netriviální úkol, bylo milé, že přednášející šel v přednášce podobně a bylo možné téměř ve všech tématech vyjít z poznámek a nahrávek MM, pro mě samotnou o dost srozumitelnějších než výklad přednášejícího. Trochu prapodivně a netrasparentně se jevilo hodnocení u zkoušky a zkoušení celkově. Bylo by fajn kromě zveřejněných zkouškových otázek, což je super věc, ještě lépe specifikovat požadavky (např. ""nebudu se ptát na věci mimo slajdy"", které jsem jenom tak zmínil a odkazované poznámky MM k předmětu je též nezmiňují) či jejich hloubku vzhledem k hodnotícím stupňům."
NTIN066,"RNDr. Jiří Fink, Ph.D.",přednáška,29.01.2025,4. ročník,Informatika,"Ještě jsem neměl tak špatnou zkoušku na bakalářském ani magisterském programu. Přednášející má koš otázek, ze kterého zkouší a je téměř irelevantní. Otázky jsou nejasně napsané a přijde mi, že jsou schválně vágní a všude vynechává detaily a přesnou terminologii toho, co chce. Někde je jen napsaný nadpis tématu, a je-li konkrétnější tak uvádí, že máme jen popsat nějakou část daného tématu přičemž reálně chce definice, detaily, věty, lemmata, důkazy, aplikace, algoritmy, složitost, souvislost s jinými předměty, ... Přijde mi, že se zkoušející snaží najít všechno to, co se student nenaučil a nachytat ho na tom namísto prezentace znalostí studenta. Samozřejmě je to i hra ve slovíčkaření a stres vůbec nebere v potaz, pokud najde nějakou chybičku tak má připraveno 100 otázek na to a student automaticky neovládá základy v jeho očích. V přednášení také zaostává. Nevím jestli se mám dívat na prezentace (které jsou samozřejmě nepoužitelné jako studijní materiál) nebo se soustředit na jeho příliš rychlý výklad. Vlastní materiály má jen prezentace a ty jsou nedostačující, jak on řekl a spoléhá na přednášky jiných vyučujících. Odpovědi na všechny jeho zkouškové otázky jsem nedokázal najít."
NTIN066,"doc. Mgr. Petr Gregor, Ph.D.",přednáška,26.06.2024,1. Ročník,Computer Science - Artificial Intelligence,"Professor Gregor is sincere and encouraging. He is very experienced and knows how to deliver a very structured lecture. He also encourages questions, looks at them from the student's perspective, and tries different ways to help them understand without making it feel burdensome. He also stayed overtime to answer some of my questions. It has been a pleasure to be his student for a semester."
NTIN066,Mgr. Petr Chmel,cvičení,06.02.2026,3. Ročník,Informatika,"Super cvičící, líbilo se mi, jak vysvětluje látku, které nerozumím. :)"
NTIN066,Mgr. Petr Chmel,cvičení,16.02.2025,2. Ročník,Informatika,"Vynikající cvičící. Jeho rady byly vždy insightful. Oceňuji řešení úkolů z cvičení na webu, která mi nejednou pomohla s reporty a při učení se na zkoušku."
NTIN066,Mgr. Petr Chmel,cvičení,16.02.2025,1. ročník,Informatika - Jazykové technologie a počítačová lingvistika,"Výborně připravená cvika a cvíčící. Ochotný a chápající. Příjemná úvodní výkladová část opršující základ přednášky před řešením příkladů. Zveřejňování zadání cvik s řešením na webu pro případ absence. Rychlé a ne zbytečně pedantské opravy úkolů. I v pátek od 12:20 nás chodilo celý semestr alespoň 12, do před Vánoc i více :-)"
NTIN066,Mgr. Petr Chmel,cvičení,09.01.2025,1. ročník,Informatika - Umělá inteligence,"Z Petrových cvičení je cítit, že se zamýšlí nad tím, jak nás něco naučit a jak nám znalosti lépe předat. Přijde mi, že se snaží stále zlepšovat a to je nesmírně svěží. Za mě nej cvičící."
NTIN066,Mgr. Petr Chmel,cvičení,07.01.2025,1. ročník,Informatika - Softwarové a datové inženýrství,"Naprosto skvělý cvičící, vše ochotně vysvetli, cvičení jsou živá, studenti jsou rozdělení do skupiny a cvičící pak skupiny postupne obchází a konzultuje řešení"
NTIN066,Mgr. Petr Chmel,cvičení,05.02.2024,1. Ročník,Informatika - Diskrétní modely a algoritmy,"Připadalo mi, že Petr se vážně snaží, aby cvičení byla co nejlepší. Líbilo se mi, že jsme pracovali po skupinkách."
NTIN066,Mgr. Petr Chmel,cvičení,25.01.2024,1. Ročník,Informatika - Umělá inteligence,"Super cvičící, málokdy se vidí podobná kvalita. Petr nás typicky rozděloval do skupinek, což bylo fajn, protože člověk nemusel sedět hodinu zaseklej nad úkolem. Zároveň nás obcházel a kontroloval, že nikomu skupinka neujíždí. Byl ochotný se kdykoli bavit o jakémkoli datovkovém tématu a na všechny otázky s úsměvem odpovídal. Také oceňuji, že jsme pokaždé měli možnost dát feedback a cvičící se nás aktivně ptal, jestli nám formát vyhovuje. Jediné, co bych lehce vytknul, je hlasitost výkladu. Na tom musí Petr ještě zapracovat nebo zvolit ""namačkanější"" učebnu."
NTIN066,"RNDr. David Mareček, Ph.D.",cvičení,27.06.2024,2. Ročník,Computer Science - Artificial Intelligence,Prof. Mareček is very hands on with theorems and proofs. He actively encourages students to ask and ensures everyone is on the same page as he progresses thru his tutorials. He gives apt hints when we are stuck on some problem and ask for help. He also gives detailed feedback on homework in a timely manner to allow for reiterations.
NTIN066,"Mgr. Martin Mareš, Ph.D.",přednáška,18.02.2024,1. Ročník,Informatika - Diskrétní modely a algoritmy,"Vyučující je vždy dobře připraven na výuku, přednáší srozumitelně. Podmínky u zkoušky jsou férové (dostali jsme po jedné otázce z každého ze dvou ""okruhů"")."
NTIN066,"Mgr. Martin Mareš, Ph.D.",přednáška,18.02.2024,1. Ročník,Informatika - Umělá inteligence,"Velice dobrá přednáška. U přednášky nebyl problém udržet pozornost. K tomu ještě přednáška byla nahrávaná, takže jste se mohli vždy k nějaké pasáži vrátit!"
NTIN066,"Mgr. Martin Mareš, Ph.D.",přednáška,13.02.2024,1. ročník,Informatika - Diskrétní modely a algoritmy,"Pan doktor Mareš je špičkový vyučující a všechny předměty, které vyučuje jsou jedny z mých nejoblíbenějších. A to nemluvě o skriptech, která jsou výstižná a pochopitelná a obsahují pomocné komentáře."
NTIN066,"Mgr. Martin Mareš, Ph.D.",přednáška,25.01.2024,1. Ročník,Informatika - Umělá inteligence,"Martin Mareš je legenda. Famózní výklad, který si můžete pustit kolikrát chcete díky pořizovaným záznamům. U nikoho nevidím tak veliké zapálení do výuky jako u něj a nedokážu si představit, že by byl na někoho ošklivý."
NTIN066,"Mgr. Martin Mareš, Ph.D.",přednáška,13.01.2024,1. ročník,Informatika - Softwarové a datové inženýrství,"Super přednášející, velmi dobrá kvalita záznamů a skript, zkouška přiměřená a férová."
NTIN066,"Mgr. Pavel Veselý, Ph.D.",cvičení,15.02.2026,1. Ročník,Informatika - Softwarové systémy,"Jsem velmi rád, že jsem se dostal na cvičení s Pavlem Veselým. Témata vysvětloval dobře, většinou se toho stihlo poměrně hodně a ze cvičení jsem si toho hodně odnesl. Na cvičeních také panovala velmi příjemná atmosféra."
NTIN066,"Mgr. Pavel Veselý, Ph.D.",cvičení,09.02.2026,1. ročník,Informatika - Softwarové systémy,"Klasická algoritmická/matematická cvičení, kde se rozdají papíry s příklady a poté se (ve skupinkách) řeší a cvičící mezitím obchází studenty a dává nápovědy nebo vysvětluje nejasnosti. Cvičící je velmi hodný a nápomocný. Občas je ale (podobně jako na přednášce) jeho výklad/analýza trochu ledabylá, když zanedbává všelijaké konstanty, což ztěžuje pochopení látky. Líbil se mi styl úkolů, které nebyly čistě teoretické (protože toho se na Bc. studiu dělalo dost). Obzvláště úkoly experimentální byly zajímavé. Jediné, co bych vytknul bylo náhodné rozdělování do skupin pro řešení úkolů na cvičení. Například mně se pracuje mnohem lépe, když jsem s lidmi, které znám. Při práci s víceméně cizími lidmi jsem značně více pasivní a mám větší problém nadhazovat nápady a řešení, což vede k celkově menšímu zapojení a tedy i menší pravděpodobnosti se něco nového naučit."
NTIN066,"Mgr. Pavel Veselý, Ph.D.",cvičení,02.02.2026,1. ročník,Informatika - Umělá inteligence,"Co se mi líbilo: * Dobře připravené materiály na cvičení * Práce ve skupinkách * Komentáře k odevzdaným domácím úkolům (např. jak dané řešení ještě vylepšit) Co se mi nelíbilo/nevyhovovalo: * Chaotický výklad * Špatné rozvržení času v rámci cvičení * Dostali jsme zadaná cvičení, ale čas na jejich řešení byl až příliš dlouhý. Chápu, že se nám vyučující snažil dát prostor na vlastní řešení, ale času bylo až moc. Na konci se nic nestíhalo, takže se jen rychle prošel zbytek řešení. * Pokud člověk jsme nedošli k nějakém řešení, tak jsme dlouho čekali na správný postup. Tím, že na sebwe cvičení často navazovala, tak se pak nedaly řešit ani ty další. * Když to porovnám s panem Chmelem, kterého jsme měli jako záskok, tak tam to jsme dostali dostatek času na vlastní přemýšlení, ale zároveň správně vycítil okamžik, kdy už se skupiny v řešení dále nepohnou a bude potřeba řešení představit na tabuli. => Řešení: Pokud vidíte, že skupinky stagnují, nenechte je se v tom ""topit"" a vysvětlete řešení pro všechny."
NTIN066,"Mgr. Pavel Veselý, Ph.D.",cvičení,16.02.2025,1. Ročník,Informatika - Softwarové a datové inženýrství,"Na cvičení jsem nechodil. Vyučující je v komunikaci i opravování úkolů vstřícný a promptní. Vyšel mi vstříc i s odevzdáním po termínu, když mi chyběly dva body do zápočtu, čehož si velmi vážím."
NTIN066,"Mgr. Pavel Veselý, Ph.D.",cvičení,18.02.2024,1. Ročník,Informatika - Diskrétní modely a algoritmy,"Oceňuji, že cvičící vždy shrnul obsah přednášky a v průběhu řešení úloh na cvičení byl nápomocný a dával nápovědy. Úkoly byly opravovány brzy po odevzdání a často obsahovaly nějaké vysvětlení/vylepšení, takže jsem se i z opravovaných úkolů něco naučila. Zároveň nebyly hodnoceny příliš přísně."
NTIN066,"Mgr. Pavel Veselý, Ph.D.",cvičení,13.02.2024,1. ročník,Informatika - Jazykové technologie a počítačová lingvistika,"Dělení do náhodných skupinek funguje pouze když se cvičení účastní víceméně stejně aktivní studenti. To se v mém případě nestalo. Líbilo by se mi, kdyby při zjevné neaktivitě (nevědomosti) skupiny cvičící aktivněji řešil úlohy na tabuli. Proběhnout příklady velmi rychle v posledních pěti minutách mi nic nepřineslo."
NTIN066,"Mgr. Pavel Veselý, Ph.D.",přednáška,15.02.2026,1. Ročník,Informatika - Softwarové systémy,"Pavel Veselý přednáší moc pěkně a v tématu se orientuje. Také mi přijde, že předmět jako celek dobře vedl a důstojným způsobem pokračoval v práci svých předchůdců."
NTIN066,"Mgr. Pavel Veselý, Ph.D.",přednáška,15.02.2026,1. Ročník,Informatika - Umělá inteligence,Projev přednášejícího je velice dobrý a reaktivní. Nahrávky přednášek (i přes technické komplikace) slouží jako skvělý studijní materiál.
NTIN066,"Mgr. Pavel Veselý, Ph.D.",přednáška,09.02.2026,1. ročník,Informatika - Softwarové systémy,"Přednášející byl vcelku fajn. Přednes byl možná trochu zmatenější, zejména momenty, kdy si uvědomil, že by někde byla analýza struktury/algoritmu složitější a tak začal ""mávat rukami"" a ukazovat, kde všude by se věci lišili jen o konstantu a že to ve výsledku vlastně vyjde. To člověku, který danou látku vidí poprvé značně znepřístupní její pochopení. Velmi si vážím zájmu přednášejícího pořizovat videozáznamy, jelikož to je jeden z nejcennějších materiálů, který může studentům poskytnout. Bohužel spousta z nich má nějaké problémy (špatný zvuk a nebo se záznam vůbec neuložil) a tedy jsem ve finále k učení používal záznamy pana doktora Mareše. U zkoušky byl přednášející férový."
NTIN066,"Mgr. Pavel Veselý, Ph.D.",přednáška,06.02.2026,1. Ročník,Informatika - Teoretická informatika,https://en.wikipedia.org/wiki/MESI_protocol
NTIN066,"Mgr. Pavel Veselý, Ph.D.",přednáška,06.02.2026,4. ročník,Informatika,"Učivo bolo prednášané zaujímavo a vecne, aj keď štruktúra niektorých prednášok bola chaotickejšia a nebolo jednoduché si z toho spísať priamočiare poznámky. S výnimkou niektorých menej systematicky-vedených prednášok a chýbajúcich nahrávok bola výuka v poriadku."
NTIN066,"Mgr. Pavel Veselý, Ph.D.",přednáška,06.02.2026,3. Ročník,Informatika,Moc fajn vyučující. :)
NTIN066,"Mgr. Pavel Veselý, Ph.D.",přednáška,27.01.2026,1. Ročník,Informatika - Teoretická informatika,"Výborná přednáška, oceňuji nahrávky, mnoho materiálů a hlavně oznámené otázky ke zkoušce."
NTIN066,"Mgr. Pavel Veselý, Ph.D.",přednáška,22.01.2026,1. ročník,Informatika - Softwarové systémy,"Pěkně předneseno. Občas byly nějaké mírné zmatky, ale to se stane :)"
NTIN066,"Mgr. Pavel Veselý, Ph.D.",přednáška,14.01.2026,1. Ročník,Informatika - Softwarové a datové inženýrství,"Jenom kdyby se nahrávání přednášek více dařilo, tak bych byl spokojenější, jelikož bez nahrávek jsou slidy neúplné a nedostatečné pro učení se na zkoušku :')"
NTIN066,"Mgr. Pavel Veselý, Ph.D.",přednáška,12.01.2026,1. ročník,Informatika - Softwarové systémy,Oceňuji livestream přednášek a seznam otázek na zkoušku. Přednášel srozumitelně. Na učení jsem použil materiály od medvěda.
NTIN066,,cvičení,15.02.2026,1. Ročník,Informatika - Softwarové systémy,"Cvičení z datovek je navrženo velmi dobře, obzvlášť jsem ocenil praktické domácí úkoly, které mi umožnily témata jinak teoretického předmětu daleko lépe pochopit, když jsem si mohl datové struktury ""osahat"". Možná vidím lehký nepoměr v obtížnosti implementačních a experimentálních úkolů, což je asi dané mým zaměřením (je pro mě daleko jednodušší něco naprogramovat, než teoreticky podkládat, proč se datová struktura nějak chová)."
NTIN066,,cvičení,15.02.2026,1. ročník,Informatika - Umělá inteligence,"Programovací domácí úkoly dávají smysl a dobře doplňují látku, experimentální úlohy jsou poté hodnoceny nepochopitelně a je dbán mnohem větší důraz na formalismy než obsah."
NTIN066,,cvičení,09.02.2026,1. ročník,Informatika - Softwarové systémy,Náplň cvičení byla hezky propojená s přednáškou. Procvičovaly se praktičtější aspekty přednesených struktur/algoritmů.
NTIN066,,cvičení,06.02.2026,1. Ročník,Informatika - Teoretická informatika,"Pěkdný inside a výběr toho podstatného, procvičení konkrétních potřebných algoritmů. I přes to pro mě měly hlavní hodnotu diskuze se studenty, kdy přichází i sebejisté špatné odpovědi, a následně sneek peaky do praxe, klidně bych jich slyšel dokonce i trochu víc."
NTIN066,,cvičení,06.02.2026,3. Ročník,Informatika,Fajn předmět.
NTIN066,,cvičení,02.02.2026,1. ročník,Informatika - Umělá inteligence,"Co se mi líbilo: * Vzorová řešení cvičení u pana Chmela Co se mi nelíbilo/nevyhovovalo: * Pozdní zveřejnění zkouškových otázek * Body ze semestru se nijak nezohledňují u zkoušky * Ocenil bych, kdyby se body ze semestru v nějaké míře přenášely i ke zkoušce."
NTIN066,,cvičení,22.01.2026,1. ročník,Informatika - Softwarové systémy,"Cvičení byla fajn, ale moc mi nesedly ty experimentální úlohy. Nápad je to hezký, ale nepřišlo mi, že by mi to něco dalo - říkám si, zda to nebylo tím, že ten skript na spuštení testů už byl daný a my jsme jenom měli popsat ten výsledek - možná by bylo lepší dát studentům větší volnost, ať zkusí připravit nějaké ty testy sami a analyzovat jejich výsledky."
NTIN066,,cvičení,14.01.2026,1. Ročník,Informatika - Softwarové a datové inženýrství,"Cením formu cvičení, kdy je účast dobrovolná, záleží hlavně na práci u domácích úloh. Dovoluje mi to mít flexibilnější rozrh. Navíc je pak alespoň na cvičení větší prostor vysvětlit si to, co není z přednášek jasné."
NTIN066,,cvičení,12.01.2026,1. ročník,Informatika - Softwarové systémy,"Implementace v domácích úkolech DS co byly na přednášce, je užitečné a zajímavá změna oproti ADS 2."
NTIN066,,cvičení,02.02.2025,1. ročník,Informatika - Umělá inteligence,"Cvičenia mi až tak nepomohli uchopiť danú problematiku DO DETAILU. Navrhoval by som trochu upraviť systém. Najlepšie by bolo každý príklad vysvetliť na tabuľu. Skupinky by dostali niekoľko času na riešenie, potom by mohlo byť odprezentované riešenie. Neraz sa mi stalo, že som riešenia pochopil iba Z POLOVICE."
NTIN066,,cvičení,27.06.2024,2. Ročník,Computer Science - Artificial Intelligence,"The tutorial effectively covered the important topics from the lectures, providing more background to them, while also managing to discuss the homework. Overall, one of the most cohesive learning experiences I’ve had in any tutorials in the university."
NTIN066,,cvičení,18.02.2024,1. Ročník,Informatika - Diskrétní modely a algoritmy,"Na cvičeních jsme si vždy shrnuli látku z přednášky a poté jsme řešili úlohy, které byly rozumně složité tak, aby se daly vyřešit. Cvičení mě bavila. Také mi přišlo, že účast na cvičeních byla opravdu výhodná pro řešení úkolů."
NTIN066,,cvičení,13.02.2024,1. ročník,Informatika - Diskrétní modely a algoritmy,"Cvičení je koncipováno dobře. Líbí se mi, že jsou experimentální i programovací úlohy."
NTIN066,,cvičení,25.01.2024,1. Ročník,Informatika - Umělá inteligence,"Cvičení byly fajn. Typicky se řeší úlohy kolem zrovna probíranýho tématu + se dá diskutovat o úkolech. Možná je to leckdy trochu ""navíc"", ale člověk tam nemusí chodit. Přesto si myslím, že účast na cvičeních za to stojí."
NTIN066,,cvičení,13.01.2024,1. ročník,Informatika - Softwarové a datové inženýrství,"Úkoly byly dobře připravené, líbí se mi zadání na GitLabu a otevřené testy. Samotná cvičení jsem přestal navštěvovat, jelikož jsem v tom neviděl hlubší smysl. V případě dotazů bohatě stačila skvělá skripta."
NTIN066,,přednáška,15.02.2026,1. Ročník,Informatika - Softwarové systémy,"Datovky jsou převážně přínosný předmět, myslím, že probíraná témata jsou vybraná dobře. Jsem rád, že i na praktickém magisterském oboru takto teoretický předmět máme, i když jeho průchod pro mě byl velmi náročný, obzvlášť dostat do hlavy velmi technické a spletité důkazy, které jsou pro tento předmět standardem, mě stálo hodně času a energie. Velmi v tom ale pomohla vysoká kvalita přednášek Pavla Veselého a skript Martina Mareše."
NTIN066,,přednáška,15.02.2026,1. ročník,Informatika - Softwarové systémy,"Za mě je to předmět nabitý důležitými informacemi, které se hodí v každé specializaci. Přednášky byly za mě těžko uchopitelné, ale ty nejdůležitější koncepty jsem si z nich odnesl. Hlavní přínos předmětu za mě byly cvičení, které vedl RNDr. Jiří Fink. Podle minulých let studentům nevyhovoval jako přednášející, ale na cvičeních byl super, hodně jsem si z nich odnesl a jelikož nás chodilo opravdu málo tak to bylo hodně individuální. Je třeba si trošku zvyknout jeho způsob mluvení. Má velké mezery mezi větami, takže jsem si často myslel, že jsem řekl něco špatně. Ale ve finále má celkem přátelský přístup a dokáže velice dobře vysvětlovat složité koncepty. Úkoly byly víceméně jednoduché až na výjímky v podobě experimentů. Ty jsou celkem tři a každý z nich mi zabavil alespoň den, ale skvěle si na nich vysvětlíte a ujasníte věci co jste zjistili na přednáškách. Zkouška byla náročná, ale díky kvalitním skriptám od Martina Mareše a zvěřejněným otázkám je celkem přímočaré se na ni naučit."
NTIN066,,přednáška,15.02.2026,1. Ročník,Informatika - Umělá inteligence,Velice dobře koncipovaný předmět. Látka do sebe velice dobře zapadá.
NTIN066,,přednáška,09.02.2026,1. ročník,Informatika - Softwarové systémy,Obsahem přednášky byl hezký průřez pokročilejšími datovými strukturami a jejich aplikacemi. Tyto témata byly hezky a srozumitelně předvedeny.
NTIN066,,přednáška,06.02.2026,4. ročník,Informatika,"Prednášky sú veľmi zaujímavé a rozširujú obzory klasickej algoritmizácie a ADS. Je pekné, že sú nahrávané, ale stalo sa, že niektoré prednášky sa nepodarilo nahrať. Našťastie, Průvodce labyrintem algoritmů od Martina Mareša je veľmi dobrým zdrojom na vyplnenie týchto medzier."
NTIN066,,přednáška,06.02.2026,3. Ročník,Informatika,Předmět mě celkem bavil.
NTIN066,,přednáška,02.02.2026,1. ročník,Informatika - Umělá inteligence,Co se mi líbilo: * Kvalitní přednáškový text od Martina Mareše (bohužel nepokrývá všechna témata) Co se mi nelíbilo/nevyhovovalo: * Nepoužitelné slajdy * Ze slajdů se bez občas chybějícího záznamu zpětně nedalo nic naučit.
NTIN066,,přednáška,22.01.2026,1. ročník,Informatika - Softwarové systémy,Zajímavý předmět :)
NTIN066,,přednáška,16.02.2025,1. Ročník,Informatika - Softwarové a datové inženýrství,"Předmět prochází mnohé zajímavé oblasti z tématu datových struktur. Je kladen důraz na důkazy složitostí operací, což podle mě nemá moc velký přínos pro velkou část studentů, obzvláště s ohledem na fakt, že předmět je povinný snad pro všechny magisterské obory. Osobně bych ocenil širší záběr s menším důrazem na rigoróznost. To už by ale asi nebyl matfyz. Na druhou stranu pochopení důkazů vede k vynucení hlubšího pochopení samotných struktur, což nemusí být na škodu."
NTIN066,,přednáška,16.02.2025,1. Ročník,Informatika - Jazykové technologie a počítačová lingvistika,"Zajímavost předmětu pro zvolený magisterský obor byla zlomková - to není ale nutně chyba předmětu, spíš jeho zařazení mezi povinné napříč všemi obory."
NTIN066,,přednáška,02.02.2025,1. ročník,Informatika - Umělá inteligence,"Témy boli zaujímavé. Ocenil by som keby prednášajúci rozobral podrobnejšie metódy a vety, ktoré boli odprezentované. Napríklad viac rozobrať potenciálovú metódu, kedže ju používame všade."
NTIN066,,přednáška,29.01.2025,4. ročník,Informatika,"Je dobré, že je předmět povinen. Myslím, že je důležité umět fungování a složitost datových struktur neboť lze tyto znalosti velmi dobře uplatnit i v praxi. Myslím, že by mohl být předmět poněkud méně teoretický."
NTIN066,,přednáška,09.01.2025,3. Ročník,Informatika,Dobrý předmět.
NTIN066,,přednáška,26.06.2024,1. Ročník,Computer Science - Artificial Intelligence,The course covers some interesting data structures that are very much practical. It dives deep into the theory behind the practicality of the operations on different data structures. The course has ample written resources. The teachers also offer to explain introductory content for students without a CS background. The course provides value to students both with and without a CS background.
NTIN066,,přednáška,18.02.2024,1. Ročník,Informatika - Diskrétní modely a algoritmy,"Předmět byl opravdu dost zajímavý a často mě mrzelo, že se nějakým strukturám nevěnujeme ještě více. K látce jsou často k dispozici textíky, ale je to jeden z mála předmětů, u kterých jsem na přednášky chodila s radostí a zájmem. Rozhodně doporučuji chodit na přednášky."
NTIN066,,přednáška,17.02.2024,4. ročník,Informatika,"Celkově velmi dobré. Jako malý zápor mi přijde, že předmět jde moc do hloubky v některých věcech. Pro mnohé, kteří přišli z jiných škol a pokračují v neteoretickém oboru to může být naposledy, kdy budou řešit složitější důkazy. Nicméně si myslím, že pan dr. Mareš vše velice pěkně vysvětluje."
NTIN066,,přednáška,13.02.2024,1. ročník,Informatika - Diskrétní modely a algoritmy,"Tento předmět je povinný pro všechny specializace a myslím si, že se jedná o velice zajímavý a dobře vyučovaný předmět."
NTIN066,,přednáška,13.01.2024,1. ročník,Informatika - Softwarové a datové inženýrství,"Některá témata mě zaujala více (různé stromy, suffixové pole, paralelní DS), jiná zase méně (zejména hešování). Osobně si myslím, že by bylo dobré se zaměřit trochu více na aplikace a praktické využití, například porovnat efektivitu různých implementací stromů, než věnovat čas některým techničtějším důkazům."
NTIN090,"RNDr. Petr Kučera, Ph.D.",cvičení,15.02.2026,1. Ročník,Informatika - Umělá inteligence,"Vyučující vede cvičení velice dobře, individuálně odpovídá na dotazy."
NTIN090,"RNDr. Petr Kučera, Ph.D.",cvičení,15.02.2026,1. Ročník,Computer Science - Discrete Models and Algorithms,"The professor was kind enough to allow for corrections in case our homework solutions were not correct, which is much appreciated."
NTIN090,"RNDr. Petr Kučera, Ph.D.",cvičení,15.02.2026,1. Ročník,Computer Science - Artificial Intelligence,He is very attentive to questions and encourages the students to ask. He always explains when asked even if it might be trivial
NTIN090,"RNDr. Petr Kučera, Ph.D.",cvičení,14.02.2026,1. ročník,Informatika - Softwarové systémy,"Styl cvičení mi vcelku vyhovoval, byl takový pasivnější, kdy studenti řešili zadané úkoly a po nějaké době je pan doktor předvedl na tabuli. Vážím si i vypracovaných úkolů na moodlu, které tam pan doktor po cvičení nahrál. Nevadilo tedy, když jste na některých cvičeních nebyli. Domácí úkoly byly adekvátně těžké a jejich hodnocení bylo férové až možná trochu mírné."
NTIN090,"RNDr. Petr Kučera, Ph.D.",cvičení,06.02.2026,1. Ročník,Informatika - Teoretická informatika,"Cenil jsem mimo jiné Vaši důslednost na kvalitu záznamů a přenosu, byť jsem je sám nevyužil."
NTIN090,"RNDr. Petr Kučera, Ph.D.",cvičení,06.02.2026,3. Ročník,Informatika,Velmi milý vyučující. :)
NTIN090,"RNDr. Petr Kučera, Ph.D.",cvičení,14.01.2026,1. Ročník,Informatika - Softwarové a datové inženýrství,Oceňuji klidnou náturu cvičícího a rozumné rozvrhování práce na cvičeních.
NTIN090,"RNDr. Petr Kučera, Ph.D.",cvičení,14.01.2026,1. Ročník,Informatika - Teoretická informatika,Cvičení se mi osobně zdálo velmi jednoduché a úkoly také.
NTIN090,"RNDr. Petr Kučera, Ph.D.",cvičení,13.01.2026,2. Ročník,Učitelství matematiky pro střední školy,"Vysvětluje skvěle i na dvojnásobnou rychlost. Snaží se to přiblížit studentům. Na cvika jsem nechodil, protože bych ho stejně potřeboval věčně po ruce a na to není prostor, tedy volím AI doma."
NTIN090,"RNDr. Petr Kučera, Ph.D.",cvičení,16.02.2025,1. Ročník,Informatika - Teoretická informatika,"Oceňujem pripravenosť, dostupnosť zadaní, a hlavne i ich riešení, problémov riešených na cvičení."
NTIN090,"RNDr. Petr Kučera, Ph.D.",cvičení,18.02.2024,1. Ročník,Computer Science - Artificial Intelligence,"I wish he could have explained practical 5 relating to reduction of vertex cover to similar problems a little slower and in more details. Appart from that, it was well explained."
NTIN090,"RNDr. Petr Kučera, Ph.D.",cvičení,18.02.2024,1. Ročník,Informatika - Umělá inteligence,"Cvičení byla velice dobře vedená a nemám co vytknout. Domácí úkoly byly akorát těžké, kde si procvičíte látku ze cvičení."
NTIN090,"RNDr. Petr Kučera, Ph.D.",cvičení,14.02.2024,1. Ročník,Computer Science - Artificial Intelligence,"I accidentally used the following feedback in the course feedback section, so I copied the same below. Professor Kučera is remarkably easy-going and forthright. Initially, he introduces us to the problems at hand, followed by a discussion of solving techniques without revealing the answers outright. Subsequently, we delve into the questions, creating a well-balanced communication flow within the class. The dynamics are skillfully managed, avoiding dominance either from the teacher or the students. Professor Kučera actively encourages us to generate answers, gently guiding discussions and handling incorrect trains of thought with a thoughtful approach, investigating them further to provide proper clarification. Moreover, when faced with moments where students may not immediately know the answers, Professor Kučera patiently allows us ample time before offering hints, fostering a supportive and conducive learning environment. Additionally, his commitment to student understanding extends beyond the class hours. He graciously stayed after class to address my doubts, no matter how small, offering further clarification. Overall, his teaching style is not only effective but also inspiring."
NTIN090,"RNDr. Petr Kučera, Ph.D.",cvičení,13.02.2024,1. ročník,Informatika - Jazykové technologie a počítačová lingvistika,Výborné vedení cvičení. Cvičící píše na tabuli a studenti reagují na jeho dotazy. Díky cvičením jsem neměl problémy s úkoly.
NTIN090,"RNDr. Petr Kučera, Ph.D.",přednáška,15.02.2026,1. Ročník,Informatika - Umělá inteligence,"Přednášející dokáže, i přes náročnost látky, skvěle cokoli dovysvětlit."
NTIN090,"RNDr. Petr Kučera, Ph.D.",přednáška,15.02.2026,1. Ročník,Computer Science - Artificial Intelligence,"He is very prepared, however, the topics are quite abstract and I think he could make the content a bit more digestible"
NTIN090,"RNDr. Petr Kučera, Ph.D.",přednáška,15.02.2026,1. Ročník,Computer Science - Discrete Models and Algorithms,The teacher is excellent and teaches the course greatly. He also made recordings for people who could not come to the classes (which was the case with me since I had an overlap) and I really appreciate that. He was open to helping students and I don't think I have any objections.
NTIN090,"RNDr. Petr Kučera, Ph.D.",přednáška,14.02.2026,1. ročník,Informatika - Softwarové systémy,"Pan doktor Kučera přednášel celkem pěkně. Občas byl projev monotónní a zněl, jak by se u toho strašně nudil, ale to je spíš detail. Přišlo mi humorné, když pan doktor po přednesu nějaké šílené věty, kde se třikrát strčil turingův stroj sám do sebe a pak dvakrát obrátil naruby, aby z toho vylezl nějaký převratný důsledek, prohlásil ""no ale to jsme asi tak čekaly a není to moc zajímavé no"" :D. Musím zde ještě vypíchnout slajdy, jelikož ty jsou jedny z nejlepších, které jsem za celou dobu na MFF viděl. Jejich kvalita je opravdu neskutečná. Také si velmi vážím nahrávek, které pan doktor pořizoval (nebo dodal z minulých let)."
NTIN090,"RNDr. Petr Kučera, Ph.D.",přednáška,10.02.2026,2. Ročník,Učitelství matematiky pro střední školy,"Oceňuji přístup ke studentům a pečlivá srozumitelná kritéria pro zakončení předmětu včetně pečlivé přípravy všech materiálů, které jsou k tomu potřeba."
NTIN090,"RNDr. Petr Kučera, Ph.D.",přednáška,06.02.2026,3. Ročník,Informatika,"Pan Kučera je velmi milý, jen mi občas přijde trochu nesmělý, asi to neumím dobře popsat, ale velmi milý vyučující :)"
NTIN090,"RNDr. Petr Kučera, Ph.D.",přednáška,29.01.2026,1. Ročník,Informatika - Softwarové systémy,"Monotónní výklad, jinak dobrý. Plus materiály"
NTIN090,"RNDr. Petr Kučera, Ph.D.",přednáška,22.01.2026,1. Ročník,Informatika - Softwarové systémy,"Super, styl přednášení byl v pohodě, vyučující ochotně odpovídal na dotazy. Děkuji také za záznamy a velmi pěkné materiály. :)"
NTIN090,"RNDr. Petr Kučera, Ph.D.",přednáška,16.01.2026,1. ročník,Informatika - Vizuální výpočty a vývoj počítačových her,"Doktor Kučera měl přednášky dobře připravené. Výklad mi připadal trochu monotónní, ale šlo vše z něj velmi dobře pochopit. Oceňuji nahrávání přednášek."
NTIN090,"RNDr. Petr Kučera, Ph.D.",přednáška,15.01.2026,1. Ročník,Informatika - Umělá inteligence,"Zprvu jsem mel k tomuto predmetu pomerne odpor ale P. Kucera ma dobry prednes, pristup, dobre zpracovane materialy. Nakonec byl pro me predmet tedy pomerne zajimavy."
NTIN090,"RNDr. Petr Kučera, Ph.D.",přednáška,14.01.2026,1. Ročník,Informatika - Softwarové a datové inženýrství,"Přednášející očividně ví, o čem mluví a umí to pěkně napsat, znázornit na příkladu a vysvětlit. Za mně dobrý."
NTIN090,"RNDr. Petr Kučera, Ph.D.",přednáška,14.01.2026,1. Ročník,Informatika - Teoretická informatika,"Precizní výklad, na otázky vždy srozumitelně odpovězeno, zkouška spíše jednoduchá, velmi oceňuji veřejné otázky které nás mohou čekat u zkoušky."
NTIN090,"RNDr. Petr Kučera, Ph.D.",přednáška,16.02.2025,1. Ročník,Informatika - Teoretická informatika,"Prednášajúci má jednak vysoko kvalitne pripravené podklady k výučbe, prednáške a zároveň ich veľmi dobre odprezentuje. Radosť navštevovať prednášky o možnostiach a limitoch našich počítačov."
NTIN090,"RNDr. Petr Kučera, Ph.D.",přednáška,16.02.2025,1. ročník,Informatika - Jazykové technologie a počítačová lingvistika,"Kvalitní slajdy pro přípravu na zkoušku. Trochu moc monotónní výklad - ovšem látka jako taková příliš nepomáhá. U zkoušky vyučující působil, že vztah studentů k předmětu chápe a byl co do detailních věcí shovívavý."
NTIN090,"RNDr. Petr Kučera, Ph.D.",přednáška,16.02.2025,1. Ročník,Informatika - Softwarové a datové inženýrství,Přednášející skvěle zvládá podat poměrně abstraktní a zdánlivě těžký na pochopení předmět. Přednášky jsou dobře strukturovány a dají se velmi dobře pochopit i přes zmíněnou povahu předmětu. Oceňuji také transparentnost požadavků ke zkoušce ve formě seznamu všech možných otázek a vstřícnost při hodnocení.
NTIN090,"RNDr. Petr Kučera, Ph.D.",přednáška,05.02.2025,1. Ročník,Informatika - Umělá inteligence,"Pan Kučera má velmi kvalitní materiály. Skvělé je jejich množství. Při přípravě na zkoušku jsem použil vše: slidy, nahrávky i skripta."
NTIN090,"RNDr. Petr Kučera, Ph.D.",přednáška,09.01.2025,1. ročník,Informatika - Umělá inteligence,"Records the lectures, explain even the tiny details. Amazing teacher."
NTIN090,"RNDr. Petr Kučera, Ph.D.",přednáška,18.02.2024,1. ročník,Computer Science - Artificial Intelligence,Never unavailable. Always helpful. Always answering emails and questions from the students. Always patient with the students. Prof. Kučera manages to make teaching seem like less than complex than NP.
NTIN090,"RNDr. Petr Kučera, Ph.D.",přednáška,18.02.2024,1. Ročník,Informatika - Umělá inteligence,"Samotná přednáška mě úplně nebavila, protože často se v přednášce vyskytovaly segmenty, které se probírali již na bakaláři. Ale k přednášce existují i nahrávky a tím pádem možnost zrychlit či přeskočit určité méně záživné pasáže jako známé definice. Naopak velice oceňuji názornost důkazů, kde se ukazují příklady, ale má to i negativum, že důkazy jsou celkem dlouhé a když dokončíte důkaz, tak si občas říkáte, cože jsme to chtěli dokázat."
NTIN090,"RNDr. Petr Kučera, Ph.D.",přednáška,17.02.2024,4. ročník,Informatika,Pan dr. Kučera přednáší pěkně. Někdy je to ale trochu hodně monotónní až uspávající. Na druhou stranu musím ocenit studijní materiály.
NTIN090,"RNDr. Petr Kučera, Ph.D.",přednáška,15.02.2024,2. Ročník,Učitelství matematiky pro střední školy,"Přednášky pana doktora Kučery byly celkově v pořádku. Během přednášek se pravidelně vracel k již probraným záležitostem pro připomenutí, což mi velice pomohlo se lépe zorientovat v učivu a celkově o daných záležitostech mluvil dosti zajímavě. Akorát jeho výklad působí (na můj vkus) občas dost monotónně. Určitě nebude na škodu, pokud toto přednášející do budoucna zlepší. :)"
NTIN090,"RNDr. Petr Kučera, Ph.D.",přednáška,14.02.2024,1. ročník,Informatika - Diskrétní modely a algoritmy,"Vše v pořádku, oceňuji extrémně dobré materiály pro samostudium."
NTIN090,"RNDr. Petr Kučera, Ph.D.",přednáška,14.02.2024,1. Ročník,Computer Science - Artificial Intelligence,"Professor Kučera is remarkably easy-going and forthright. Initially, he introduces us to the problems at hand, followed by a quick discussion of solving techniques without revealing the answers outright. Subsequently, we delve into the questions, creating a well-balanced communication flow within the class. The dynamics are skillfully managed, avoiding dominance either from the teacher or the students. Moreover, when faced with moments where students may not immediately know the answers, Professor Kučera patiently allows us ample time before offering hints. Professor Kučera actively encourages us to generate answers, gently guiding discussions and handling incorrect trains of thought with a thoughtful approach, investigating them further to provide proper clarification instead of simply shunning them as wrong. Additionally, Professor Kučera's commitment to student understanding extends beyond the class hours. He graciously stayed after class to address my doubts, even if they were small, offering further clarification. Overall, his teaching style is not only effective but also inspiring."
NTIN090,"RNDr. Petr Kučera, Ph.D.",přednáška,13.02.2024,1. ročník,Informatika - Jazykové technologie a počítačová lingvistika,"Asi nejlepší materiály, jaké jsem kdy viděl. Slajdy jsou úžasné a doplňují je klasická skripta."
NTIN090,"RNDr. Petr Kučera, Ph.D.",přednáška,31.01.2024,1. ročník,Informatika - Softwarové a datové inženýrství,"Připravený přednášející, dobrý výklad a velmi dobře zpracované prezentace, ze kterých se dalo skvěle připravit na zkoušku, skripta jsem ani nepotřeboval otevřít. U zkoušky se snaží dovést studenta ke správnému řešení, což je také dobrý přístup."
NTIN090,"RNDr. Petr Kučera, Ph.D.",přednáška,30.01.2024,2. ročník,Informatika - Umělá inteligence,"Skvěle vedená přednáška. Velmi precizní, vše dopředu a skvěle připraveno. Dr. Kučera odvedl skvělou práci!!"
NTIN090,"RNDr. Petr Kučera, Ph.D.",přednáška,22.01.2024,1. ročník,Informatika - Umělá inteligence,"Na přednáškách bylo vidět, že doktora Kučeru téma baví a zajímá. Přišlo mi, že vše podával pochopitelným způsobem a dával prostor na dotazy. Byl jsem trošku zklamaný ze zkoušky, kde pan Kučera působil otráveně. Většinou u zkoušejících vídávám větší nadšení a milost při zkoušce. Přísnost by mi nevadila, ale v tomto případě šlo spíš o znechucení. Ale třeba to byl ojedinělý případ."
NTIN090,"RNDr. Petr Kučera, Ph.D.",přednáška,05.01.2024,1. ročník,Computer Science - Language Technologies and Computational Linguistics,"In general, it's well-explained through the presentations, but sometimes it's difficult to follow the demonstration because you are lost in the new terms and the lecturer barely points out which information is important. Considering the common length of presentation slides (50-90 slides), the whole material is very scattered and lacks some organization into compact and informative tables/lists. Once, I managed to find the same information from the lectures on a similar academic course presentation from Brno University available online and it was way more convenient to go through. However, the amount of slides is justified by the depth of material coverage - it's very informative and detailed."
NTIN090,"Mgr. Vladan Majerech, Dr.",cvičení,15.02.2026,1. ročník,Informatika - Softwarové systémy,"Docela to šlo, ale někdy jsem se trochu ztrácel. Domácí úlohy byly fajn :)"
NTIN090,"Mgr. Vladan Majerech, Dr.",cvičení,14.02.2026,1. Ročník,Informatika - Diskrétní modely a algoritmy,Vladan Majerech umí zaujmout a vysvětluje i složité věty velmi intuitivně. Oceňuji využití Sovy k odevzdávání domácích úkolů.
NTIN090,"Mgr. Vladan Majerech, Dr.",cvičení,21.01.2025,1. ročník,Informatika - Softwarové a datové inženýrství,"Cvičení u Vladana mají dobrý mix přednášení a společné práce. Oceňuji, že jednou uznal, že asi zašel až daleko se složitostí jednoho příkladu. Domácích úkolů moc nebylo, bylo potřeba se víc zamyslet a na něco přijít, asi dobrý kontrast oproti třeba Datovým strukturám."
NTIN090,"Mgr. Vladan Majerech, Dr.",cvičení,31.01.2024,1. ročník,Informatika - Softwarové a datové inženýrství,"Cvičení bylo poměrně pokročilé. Trochu jsem se ztrácel v tom, co se po nás vlastně chce, většinou se však vše vysvětlilo a ukázalo. Úlohy na zápočet byly přiměřeně obtížné a cvičící opravoval úkoly rychle, zápočet nebyl problém získat. Za trochu nešťastné považuji upozorňování na to, že bychom podle cvičícího ""neprošli u státnic"", když jsme něco nevěděli. To zmiňuji hlavně proto, že mi to přijde demotivující. Navíc tento předmět (alespoň pro mě) není státnicový, to považuji za velké plus."
NTIN090,"Mgr. Vladan Majerech, Dr.",cvičení,22.01.2024,1. ročník,Informatika - Umělá inteligence,"Doktor Majerech skvěle rozumí tématu, o tom nebylo pochyb. Bohužel nebyl moc připravený na hodiny. Většinou začínal otázkou ""co jste dělali na přednášce?"", což by mi nevadilo. Přijde mi to jako dobrá nabuzovací otázka, aby člověk fakt na ty přednášky chodil a dával pozor. Jenže by bylo dobré pro jistotu odpověď vědět. Taky se stávalo, že jsme řekli, co se dělalo na přednášce, a cvičící si toho zrovna k tématu moc nepamatoval/prišlo mu to nezajímavé, takže jsme dělali něco jiného. Dr. Majerech může působit přísněji, když někoho ""donutí"" u tabule vyřešit problém, o kterém nemá páru, jak se řeší, ale přijde mi, že ve výsledku je to užitečné a vede to k aktivnějšímu přístupu. Oprava úkolů byla férová a poměrně rychlá. Když jsem měl něco špatně, cvičící to jasně a stručně popsal. Ke konci semestru už nás přímo na cvičení chodilo jen pár, což mi přijde jako škoda. Myslím si, že to bylo dané právě nepřipraveností cvičícího a tím, že jsme se moc nedrželi přednášek."
NTIN090,,cvičení,15.02.2026,1. Ročník,Informatika - Umělá inteligence,"Cvičení skvěle navazují na přednášku, domácí úkoly působí jako příjemné zopakování ze cvičení."
NTIN090,,cvičení,15.02.2026,1. Ročník,Computer Science - Discrete Models and Algorithms,I unfortunately could attend only a few classes due to overlap but those were very good and homeworks interesting and useful for a better understanding of the matter.
NTIN090,,cvičení,15.02.2026,1. Ročník,Computer Science - Artificial Intelligence,Sometimes is hard to follow the practicals exercises
NTIN090,,cvičení,14.02.2026,1. ročník,Informatika - Softwarové systémy,"Hezká cvičení, kde si vyzkoušíte aplikovat přednesená témata. Bohužel stejně jako u přednášky moc nechápu, proč je předmět povinný pro všechny Mgr. studenty."
NTIN090,,cvičení,06.02.2026,1. Ročník,Informatika - Teoretická informatika,"Cvičení mě na rozdíl o přednášek velmi bavila, jediné snad tak čas na začátku na vyřešení (první) ulohy bych zkrátil nebo se aspoň více ptal, jak se studentům daří, ať se pak nečeká zbytečně."
NTIN090,,cvičení,29.01.2026,1. ročník,Informatika - Softwarové systémy,"Nebylo to moc těžké, ale příliš mi to nepomohlo si ucelit látku z přednášky"
NTIN090,,cvičení,14.01.2026,1. Ročník,Informatika - Softwarové a datové inženýrství,"Tento předmět si rozhodně zaslouží jít aspoň na pár z cvičení, jelikož ne všechny koncepty jsou ihned jasné z přednášek."
NTIN090,,cvičení,13.01.2026,2. Ročník,Učitelství matematiky pro střední školy,Skvěle strukturovaný předmět se všemi potřebnými materiály. Zejména oceňuji zajímavé domácí úlohy a systém hodnocení.
NTIN090,,cvičení,21.01.2025,1. ročník,Informatika - Softwarové a datové inženýrství,"Cvičení jenom jednou za dva týdny je docela nezvyk. Na druhou stranu vzhledem k charakteru zkoušky asi není třeba nějak drtit počítací příklady. A pokud není něco jasné, stačí přijít příští týden na totéž."
NTIN090,,cvičení,18.02.2024,1. ročník,Computer Science - Artificial Intelligence,"Well paced through out the semester, the practicals are well explained in class despite the complexity of the subject (pun intended)."
NTIN090,,cvičení,18.02.2024,1. Ročník,Informatika - Diskrétní modely a algoritmy,"Cvičení mi moc nevyhovovala, přišlo mi, že často přeskakujeme od jednoho tématu k jinému. Řešené příklady byly často velmi složité a bylo těžké sledovat i to, když cvičící předváděl jejich řešení. Naopak musím uznat, že zápočtové příklady byly sice docela složité, ale ne nevyřešitelné. Zabraly mi docela dost času. Na cvičeních se mi moc nelíbilo, že když někdo nevěděl řešení příkladu (jakože vůbec neměl tušení), tak ho cvičící zavolal k tabuli, že se uvidí, co vymyslí. Tento přístup mi nevyhovuje, ale upřesňuji, že to může být jenom můj subjektivní pocit."
NTIN090,,cvičení,14.02.2024,1. Ročník,Computer Science - Artificial Intelligence,The tutorial content is very much in sync with the lectures. It also helps that we had the same teacher for both lectures and tutorials.
NTIN090,,cvičení,31.01.2024,1. ročník,Informatika - Softwarové a datové inženýrství,"Oproti přednáškám mě cvičení moc nebavila. Zaprvé to bylo náročností, zadruhé samotnou látkou. Často jsem některá témata pochopil až při dělání domácích úkolů či při učení na zkoušku."
NTIN090,,cvičení,22.01.2024,1. Ročník,Informatika - Umělá inteligence,"Cvičení k předmětu byly trochu navíc. Občas jsme tématem dost utíkali od látky, což sice bylo zajímavé, ale ne tak důležité."
NTIN090,,cvičení,11.01.2024,2. Ročník,Informatika - Umělá inteligence,"Oceňuji připravené materiály, zveřejňovaná řešení na moodle a přiměřeně obtížné domácí úkoly."
NTIN090,,přednáška,15.02.2026,1. Ročník,Informatika - Umělá inteligence,Předmět působí jako naprosto ideální základy do tematiky.
NTIN090,,přednáška,15.02.2026,1. Ročník,Computer Science - Discrete Models and Algorithms,"The course was really enjoyable. I have had the chance to take a similar course at my bachelor studies in Serbia, but the way it is taught here is muuch better than what I had and I really enjoyed it a lot. The teacher managed to present a lot of the topics and notions in a very intuitive way and we covered a lot of ground in the lectures and talked about quite diverse and interesting topics. I have had a chance to see a lot of people mention their results about NP-completeness, either on conferences or in papers, but I never liked it so much since I didn't understand the topic so deeply. Now, however, this has changed, and I feel like I have a pretty good grasp of the complexity of problems. Selected reductions to some NP-complete problems were also very beautiful and have sparked my interest, so I will now be open to tackling similar problems in the future (in the adequate setting of course, geometry or game theory, which I am interested in). Overall, I really enjoyed the course and am very happy to have taken it (even though I didn't have much choice haha)."
NTIN090,,přednáška,14.02.2026,1. ročník,Informatika - Softwarové systémy,"Obsah přednášky byl vcelku zajímavý, ale pro valnou většinu oborů absolutně neužitečný, vůbec tedy nevím, proč je předmět povinný pro všechny Mgr. obory. Třeba datové struktury se mohou hodit skoro všem, to chápu, ale tohle opravdu ne."
NTIN090,,přednáška,10.02.2026,2. Ročník,Učitelství matematiky pro střední školy,Prostě ADSka III.
NTIN090,,přednáška,06.02.2026,3. Ročník,Informatika,"Ačkoliv jsem dost chválil vyučujícího, tak náplň předmětu mi tedy moc nesedla... Spousta opakování z Automatů a gramatik a hromada formalismů..."
NTIN090,,přednáška,29.01.2026,1. ročník,Informatika - Softwarové systémy,"Nechápu proč je povinný pro všechny na mgr. studiu. Má v sobě zajímavé věci a nezajímavé věci, které se ale vlastně neodráží v praxi nebo byly řečeny už na ostatních předmětech - viz P, NP, převoditelnost, crypto, RAM, Turingovy stroje. Je až příliš technický a obsahuje spoustu detailů, kvůli tomu se učí vstřebává velice náročně a technikality převáží nad ideami důkazů většinou. Nejméně užitečný předmět na mgr. z mého pohledu, pokud nechci studovat teorii."
NTIN090,,přednáška,22.01.2026,1. Ročník,Informatika - Softwarové systémy,"Moc zajímavý předmět, jsem rád, že jsme ho měli :)"
NTIN090,,přednáška,21.01.2026,1. ročník,Informatika - Softwarové a datové inženýrství,"nechapem, preco je to povinny predmet pre vsetkych, za 4 kredity celkom aj narocny"
NTIN090,,přednáška,16.01.2026,1. ročník,Informatika - Vizuální výpočty a vývoj počítačových her,"Předmět je rozhodně zajímavý a dává konečně pořádný vhled do teoretické informatiky po několika brusleních okolo v ADS2, Výrokové a predikátové logice a Automatech a gramatikách. Připadá mi až zvláštní, že se tohle neučí už na bakaláři, protože znát základy složitosti a vyčíslitelnosti mi připadá mnohem důležitější, než třeba zásobníkové automaty."
NTIN090,,přednáška,14.01.2026,1. Ročník,Informatika - Softwarové a datové inženýrství,"Jsem velmi rád za slidy, kde je napsáno to, co se na přednášce bere i ústně. Velmi to zjednodušuje přípravy na zkoušky, jelikož lze jít přímo ke ""zdroji"" pro valnou většinu poznámek. Slidy jsou celkem přehledné, logicky navazují a dělení kapitol i příklady mi přišly fajn."
NTIN090,,přednáška,11.01.2026,1. ročník,Computer Science - Software and Data Engineering,"It was helpful that the lectures were recorded, allowing them to be reviewed later."
NTIN090,,přednáška,16.02.2025,1. ročník,Informatika - Jazykové technologie a počítačová lingvistika,"Pro zvolený magisterský obor nevidím využití či přínos předmětu - což tedy není jeho chyba ale spíš studijních plánů. Na přednáškách působila látka děsivě, u přípravy na zkoušku se situace dost zlepšila."
NTIN090,,přednáška,05.02.2025,1. Ročník,Informatika - Umělá inteligence,"Předmět je dobrý, ale byl by zajímavější, kdyby se víc zaměřoval na intuici. V porovnání se Sipserem z MIT (přednášky na yt) se u nás více řeší drobné technické detaily, které by se někdy daly vypustit. Člověk je stejně pár dnů po zkoušce zapomene. To, co by mělo podle mě zůstat, jsou myšlenky důkazů."
NTIN090,,přednáška,18.02.2024,1. ročník,Computer Science - Artificial Intelligence,"Despite the abstract nature of the subject, the course is well organised in pieces that relate to each other, or mirror each other. The emphasis on the similarity of the concepts simplifies the learning a lot. I had the opportunity to stumble upon Poznamky.pdf. And though I do not read or speak Czech, I couldn't be indifferent to the beauty of the math and how it is well explained there. I wish it was translated into English, or even better, into French."
NTIN090,,přednáška,17.02.2024,4. ročník,Informatika,"Nemyslím si, že tenhle předmět vysvětluje něco zásadního. Většina přednesených poznatků jsou jen těžko přenositelné do čehokoliv jiného než teorie složitosti a vyčíslitelnosti. Výjimky z tohoto tvrzení jsou z velké části předneseny na jiných předmětech (převoditelnost). Teorie vyčíslitelnosti je naprosto odtržená od jakékoliv praxe; formální verifikátory existují navzdory Ricovy větě a na přednášce není dobře vysvětleno, proč tomu tak je. Přednesené výsledky teorie složitosti se také jen stěží týkají praktických algoritmů. Jsem přesvědčen, že můj názor nepramení z nepochopení -- ze zkoušky jsem odcházel se zaslouženou jedničkou. Jediná věc, kterou z přednášek oceňuji, byl úvod do kryptografie, a musím říct, že byl i dobře přednesený panem dr. Kučerou. Celkově samozřejmě nezavrhuju obory teorii složitosti a teorii vyčíslitelnosti a plně uznávám, že tyto obory mají své přínosy, nicméně jsem pevně přesvědčen, že tento předmět je zcela nevhodný jako povinný pro všechny magisterské obory."
NTIN090,,přednáška,15.02.2024,2. Ročník,Učitelství matematiky pro střední školy,"Velice se mi líbí celková koncipace předmětu. Přednášející má velice přehledné a srozumitelné materiály a navíc poskytuje záznamy přednášek z minulých let, což je velice vyhovující pro studenty, kteří přednášky nestíhají (což byl i můj případ). Témata vyučovaná v rámci předmětu skutečně odpovídají základům dané problematiky a u zkoušky nejsou vyžadovány žádné složitější záležitosti."
NTIN090,,přednáška,14.02.2024,1. ročník,Informatika - Diskrétní modely a algoritmy,"Povinná přednáška pro všechny specializace v navazujícím magisterském studiu. Velmi dobré materiály, ve kterých je vše vysvětlené, zajímavý předmět."
NTIN090,,přednáška,14.02.2024,1. Ročník,Computer Science - Artificial Intelligence,"Professor Kučera is very knowledgeable. He knows the contents of his course inside out. Watching his lectures is almost like watching someone freestyle rap about complexity theory. The slides are straightforward but can be a bit hard to get used to. I think it is because of the unavoidable notation, and some abstract concepts of the abstract models of computation -- even though the slides do a good job of keeping things simple. I think that Professor Kučera can try to put a bit more emphasis -- than he already does -- on building an intuition for turning machines, and reducibility techniques to prove undecidability. Being introduced to some of the concepts, I found them too abstract sometimes to start using them in my proofs right away."
NTIN090,,přednáška,31.01.2024,1. ročník,Informatika - Softwarové a datové inženýrství,"Oproti cvičením mi přednášky přišly zajímavé a rád jsem na ně chodil, u části s vyčíslitelností mi nepřijde látka úplně jednoduchá k porozumění, je tam mnoho značení a různých pojmů. Některá z témat se trochu překrývala s jinými předměty (ADS, VaPL), ovšem většina látky byla nová. Víc mě bavila část se složitostí. Myslím si, že by předmět neměl být povinný, ale spíše povinně volitelný. Jde o hodně teoretický předmět a měl by tedy být povinný spíše pro teoretické studijní plány, naopak ve svém plánu bych čekal jiné povinné předměty. Na druhou stranu díky dobrým materiálům byl předmět zvládnutelný."
NTIN090,,přednáška,30.01.2024,2. ročník,Informatika - Umělá inteligence,"Z předmětu jsem měl docela strach a na zkoušku je potřeba se důkladně připravit, protože sice máte dané otázky, při učení ale zjistíte, že vlastně pokrývají většinu předmětu, protože se všude skrývá ještě podstatné množství definic a dalších tvrzení. V momentě, kdy jsem učivo pochopil, mě to začalo bavit, jen jsem na to potřeboval trochu víc času. Stejně bych byl ale raději, kdyby předmět povinný nebyl."
NTIN090,,přednáška,22.01.2024,1. Ročník,Informatika - Umělá inteligence,"K předmětu jsou kvalitní slajdy pokrývající celou látku + i nějaké nahrávky z dřívějška (nepotřeboval jsem). Probíraná témata jsou dost zajímavá, i když občas hůře vstřebatelná. Bylo super, že otázky ke zkoušce jsou online dostupné. Zároveň tak nějak pokrývají celou látku."
NTIN090,,přednáška,05.01.2024,1. ročník,Computer Science - Language Technologies and Computational Linguistics,"The course covers fundamentals of computer science such as turning machines, p/np classes, a bit of functions and graphs. Sometimes there are barely related to the course material slides about Impagliazzo's Five Worlds or Gödel numbers which is pretty interesting. For me as an engineer, it's a hard one due to the theoretical explanations which seem unrelated to some real-world problems. I would like to see more practical examples on some topics, besides algorithms divided into several slides proving a single theorem."
NAIL070,"prof. RNDr. Roman Barták, Ph.D.",přednáška,05.06.2025,2. Ročník,Informatika - Umělá inteligence,Zvládne i nezajímavá témata přednášet zajímavě. Má skvělé příklady. A také skvělé reference na filmy a podobné (rozhodně nejsou rušivé jako u některých jiných vyučujících).
NAIL070,,přednáška,06.06.2025,1. ročník,Informatika - Umělá inteligence,"Myslím, že předmětu by prospělo cvičení. Z UI1 jsem si toho díky němu odnesl více. Ale jinak není co vytknout."
NAIL070,,přednáška,05.06.2025,2. Ročník,Informatika - Umělá inteligence,"Sice o trošilinku lepší než UI 1 (která kopíruje také povinný předmět Úvod do UI trochu víc), ale pořád obsahuje spoustu náhodných témat, která jsou buď zajímavá, takže se o nich pořádně člověk dozví v jiném předmětu (a ještě v několika dalších se o ně zavadí stejně nepoužitelným způsobem jako v tomto předmětu); nebo jsou nezajímavá a pak není úplně veselé, že se o nich musíme povinně učit. Podle mě pro někoho, kdo přišel ze zaměření UI na bakaláři, téměř k ničemu. (Tedy asi trochu záleží na volbě povinně volitelných předmětů na bc (i mgr), ale přijde mi spíše nepravděpodobné, že by spoustu z těchto věcí člověk už nepotkal jinde.)"
NAIL070,,přednáška,29.05.2025,1. Ročník,Informatika - Umělá inteligence,"I find the topics covered in the course very interesting. However, for students who have taken the Bachelor's-level Introduction to Artificial Intelligence course, many of the topics feel repetitive and are only explored in slightly more depth."
NAIL002,"RNDr. František Mráz, CSc.",cvičení,15.02.2026,1. ročník,Informatika - Umělá inteligence,"Vyučující má očividně dobré úmysly. I přes to jsou cvičení kvalitou velmi podprůměrná. Testy, testíky, domácí úkoly i kód na cvičení jsou každý rok recyklovány, často s chybami a bez úpravy pro nový akademický rok (například obsahující řešení)."
NAIL002,"RNDr. František Mráz, CSc.",cvičení,09.01.2026,1. ročník,Informatika - Umělá inteligence,"Na cviceni se trochu probiraji nejake koncepty ze cviceni, ale skoro vse pouze jako toy priklady. Napriklad zadnou poradnou neuronovou sit jsme netrenovali."
NAIL002,"RNDr. František Mráz, CSc.",cvičení,09.02.2025,1. ročník,Informatika - Umělá inteligence,Vždy ochotný pomoci
NAIL002,"RNDr. František Mráz, CSc.",cvičení,09.01.2025,1. ročník,Informatika - Umělá inteligence,Great teacher :)
NAIL002,"RNDr. František Mráz, CSc.",cvičení,18.02.2024,1. ročník,Informatika - Umělá inteligence,"Hodnocení se skládalo ze spousty částí - kvízy, domácí úkoly, průběžné testy, semestrální projekt, body ze cvičení, body z přednášky, zkouška. Ty se pak započítávaly s váhou do zápočtu, nebo zkoušky a výsledek zkoušky byl vážený zápočet a části, co se nepodílely na zápočtu. Navíc jednotlivé body byly nepřehledně rozházeny v moodlu (kde byla spousta starých odkazů z minulých let, které se na letošek nevztahovaly - to je tak časově složité je smazat?). Doporučoval bych celý systém zjednodušit a body psát na jedno místo. Když jsem zjišťoval před zkouškou svůj bodový stav, znamenalo to hledání a počítání na deset minut."
NAIL002,"RNDr. František Mráz, CSc.",cvičení,18.02.2024,1. Ročník,Computer Science - Artificial Intelligence,"Statistical concepts (comparing two NN models) were excellently well explained and formally written (formulas, graphs...) on the board demonstrating an absolute mastery of the subject and it inspired us to be just as good. Prof. Mráz enthusiasm in explaining abstract mathmetical concepts as well as practical implementations by code, drove us all to aspire to be better."
NAIL002,"RNDr. František Mráz, CSc.",cvičení,18.02.2024,1. Ročník,Informatika - Umělá inteligence,"Pan Mráz vede cvičení dobrým způsobem, kdy střídá různé formy. Líbí se mi, jak nás aktivně vyzýval, abychom nahráli svoje řešení, i když jsme přímo nevěděli - vždycky nám poradil s problémy a nikdy nebyl zlý (i když třeba byl někdo opravdu mimo). Taky oceňuji styl: ""můžete se ptát studenta, co nahrál řešení, a pak se budu ptát já vás a on nesmí odpovídat"". Doktor Mráz je skutečně pozorný a často si všiml problému, který jsme přehlídli."
NAIL002,"RNDr. František Mráz, CSc.",přednáška,09.02.2025,1. ročník,Informatika - Umělá inteligence,Velmi nápomocný
NAIL002,"RNDr. František Mráz, CSc.",přednáška,09.01.2025,1. ročník,Informatika - Umělá inteligence,"Very friendly, supportive, answers questions."
NAIL002,"RNDr. František Mráz, CSc.",přednáška,18.02.2024,1. Ročník,Computer Science - Artificial Intelligence,"I cannot emphasize enough how competent Prof. Mráz in his explanations. The lecturer understood so well, what the students doubts and question were, that they were always answered directly, and precisely answered in as little words or waste of time possible. It was fascinating to watch that happen on several occasions for different students including myself. And with respects to assignments, they fit extremely well around the course and again, any doubts were quickly dispelled by a simple drawing on the board or one perfectly expressed explanation. Optimal."
NAIL002,"doc. RNDr. Iveta Mrázová, CSc.",cvičení,18.02.2024,1. Ročník,Computer Science - Artificial Intelligence,The practicals in class were capital in visualising the abstract calculations in different neural networks and associative memories. It's always helpful to come back to pure maths with pen and paper.
NAIL002,"doc. RNDr. Iveta Mrázová, CSc.",přednáška,15.02.2026,1. ročník,Informatika - Umělá inteligence,"Přednášející pravidelně dochází na všechny přednášky o 10–15 minut pozdě. Část přednášek je pouze pojednání o paperech, které přednášející vyšly v minulosti. Jiná využívá slidů, které jsou na první pohled irelevantní a navíc nedostupné. Projev v angličtině je často velice náročně stravitelný. Přednášející se naprosto zbytečně pouští do témat, které do předmětu nepatří. Příkladem jsou posuzování pohlaví osob po tranzici, zabředávání do současných politických kauz a geopolitické situace."
NAIL002,"doc. RNDr. Iveta Mrázová, CSc.",přednáška,09.02.2025,1. ročník,Informatika - Umělá inteligence,Vyborný a příjemný přístup na zkoušce.
NAIL002,"doc. RNDr. Iveta Mrázová, CSc.",přednáška,09.01.2025,1. ročník,Informatika - Umělá inteligence,"Doesnt really explain the concepts in general well. Didnt get much from the lecture itself, but the slides are really nice."
NAIL002,"doc. RNDr. Iveta Mrázová, CSc.",přednáška,18.02.2024,1. Ročník,Informatika - Umělá inteligence,"Přednášky byly úmorné. Stačilo by popisovat látku věcněji, nechodit kolem horké kaše, ubrat biologickou bažinu, neposlouchat písničky od ABBy, neopakovat české báje a pověsti a rázem se celý předmět vejde do jedné přednášky týdně. Také když přišla řeč na něco zajímavého, tak paní docentka vždy ztišila už tak tichý hlas, takže zajímavost slyšel i snad jen dva studenti v první lavici. Doporučuji proto mluvit víc nahlas. Studijní materiály byly kromě doporučené literatury prezentace a pár záznamů z minulých let, bohužel záznamy pokrývaly pouze polovinu semestru, což je škoda, protože často dokáže záznam vyřešit nepřesnost/nepochopení z prezentace samotné. Také bych ony záznamy dal někam ke stažení, protože sledování v moodlu bylo velice poruchové. Co se prezentací týče, velmi oceňuji i jejich české verze. Matematické zápisy byly často nekonzistentní a matoucí. Oproti tomu zkouška byla velice příjemná, líbilo se mi, že nestihnutí nějaké písemné části nevadí a vše se dořeší na ústní."
NAIL002,"doc. RNDr. Iveta Mrázová, CSc.",přednáška,18.02.2024,1. Ročník,Computer Science - Artificial Intelligence,"Every single concept was thoroughly explained by Prof. Mrázová in painstaking detail, and time was given to the student to manually practice how the different mathematical operations are made in the neural networks which allowed for a good concretisation. All the students questions were answered adequately, patiently, and thoroughly."
NAIL002,,cvičení,15.02.2026,1. ročník,Informatika - Umělá inteligence,"Cvičení pokrývá velice chabou část celého předmětu. V rámci cvičení jsou organizovány testy, které přispívají do hodnocení u zkoušky prezenčně a testíky, které přispívají k zápočtu online. Obě kategorie testů jsou naprosto otřesné. Často koncipovány takovém stylem, aby student za každou cenu selhal, nesnaží se otestovat reálné znalosti. Nejdůležitější součástí zápočtu je zápočtový projekt, který je nejasně specifikovaný i hodnocený, velice pozdě tématem potvrzený."
NAIL002,,cvičení,09.01.2026,1. ročník,Informatika - Umělá inteligence,"Predmet mi prijde ze obsahuje velke mnozstvi latky do az moc velkych detailu. Popisuji se tam podrobne vsechny mozne architektury a algoritmy pouzivane pred desitkami let. Moderni architektury neuronovych siti, nove postupy nebo napriklad jak danou sit realne natrenovat se tam neprobiraji. Jako historicky exkurz zajimave, ale myslim ze by stalo za to aktualizovat sylabus. Predmet by podle me nemel byt za 8 kreditu ale za mene. Prednasky me nenadchly."
NAIL002,,cvičení,09.01.2025,1. ročník,Informatika - Umělá inteligence,"In contrast to the lecture, actually learned a lot here. We went more slowly, we worked as a class."
NAIL002,,cvičení,18.02.2024,1. Ročník,Computer Science - Artificial Intelligence,"Deepnote may have been slow, but the tool remains extremely effective in allowing an interactive lab. Using it is an excellent idea. Appart from that, the different labs were excellently feeding off the course, with all the concepts seen in class, they were well-paced and the learning curve was on a good rhythm particularly the lab about associative memories and digit recognition, it was impressive."
NAIL002,,cvičení,18.02.2024,1. Ročník,Informatika - Umělá inteligence,"Cvičení mi přišla velmi užitečná. V Pythonu jsme si zkoušeli sami psát kusy neuronek a naučili jsme se základní práci s některými známými knihovnami. Připravené jupyter notebooky byly super a nemám moc co vytknout. Akorát by to chtělo víc času - často jsme nestíhali a dost témat jsme zkrátili oproti plánu. Zvážil bych, jestli radši předmět nedat 2 cvičení + 1 přednáška."
NAIL002,,přednáška,15.02.2026,2. Ročník,Informatika - Umělá inteligence,"Předmět pro mě byl velkým zklamáním. Celý semestr je třeba luštit prezentaci, která je v některých částech velmi formální, jinde zase pouze heslovitá, nebo je půlka slidu věnována nějaké zvláštní omáčce okolo. Názvy, které nepoužívá skoro nikdo jiný (BP-network, genetické programování (kdekoliv jinde evoluční strategie)). Nekonzistentní značení (vektory vs. čísla, indexy, ...). Celé ta vadí o to víc, když je prezentace (až na doporučenou literaturu) je jediný studijní materiál, který jsme dostali k dispozici. Zvláštní mi připadá i zkouška, která se skládá nejdřív z 1h písemného testu (hromadně) a následné ústní zkoušky (individuálně). Otázky v testu jsou sice 2, ale zato poměrně obsáhlé a pro mě bylo velmi těžké jenom napsat všechno, co vím. Kvůli tomu jsem si látku spíš mechanicky memorizovat, abych jí zvládnul co nejrychleji napsat, než jí doopravdy rozumět. Na ústní část jsou studenti zváni v pořadí, ve kterém se na zkoušku zapsali. Tzn. ti, kteří se zapsali jako poslední, mají oproti těm dřívějším až 6 hodin navíc, aby se mohli doučit přesně ty otázky, které dostali v testu. Když jsem se snažil zpětnou vazbu dát i osobně paní a panu Mrázovi, tak mi řekli, že jestli se mi nelíbí, jak to učí, tak ať odstátnicuji a začnu si to učit sám. Řekl bych, že tento přístup odráží snahu vyučujících o zlepšení předmětu..."
NAIL002,,přednáška,15.02.2026,1. ročník,Informatika - Umělá inteligence,"Předmět, ohodnocený 8 kredity, drtivě zaostává za současnou dobou a moderními poznatky v tomto oboru. Jeho dominance v zaměření Strojové učení z něj dělají prakticky povinný předmět, ovšem sylabem je velice podprůměrný. Obsah zkoušky je předem nejasný a nezahrnuje celý sylabus."
NAIL002,,přednáška,29.01.2026,2. ročník,Computer Science - Artificial Intelligence,It is good that it goes into detail for everything but what is taught seems quite outdated.
NAIL002,,přednáška,09.01.2026,1. ročník,Informatika - Umělá inteligence,Predmet mi prijde znacne zastaraly a sylabus by potreboval aktualizovat.
NAIL002,,přednáška,12.02.2025,1. ročník,Informatika - Umělá inteligence,"Témy boli zaujímavé, no prišlo mi, že na slidoch bolo až príliš veľa textu, ktorý som nestíhal sledovať počas prednášky. V niektorých odvodeniach boli preskočené kroky, aj preto som prednáške nerozumel. Odporučil by som viac odvodzovať na tabuľu a pridať príklady ku témam."
NAIL002,,přednáška,09.01.2025,1. ročník,Informatika - Umělá inteligence,"Some parts were really interesting, some parts were really long and felt unnecessary. Perhaps splitting the course into two and taking it slower would be better than a single rushed semester."
NAIL002,,přednáška,18.02.2024,1. Ročník,Informatika - Umělá inteligence,"Když jsem ve studijním plánu UI viděl veliký předmět Neuronové sítě za 8 kreditů, měl jsem pocit, že to bude něco klíčového. Avšak opak byl pravdou. Kromě pár zajímavých témat okolo dopředných sítí většina témat spočívala v obskurním modelu, který se snaží násilně ""inspirovat biologií"". Nezřídka tak matematicky jednoduchý model, který používal byť jen jednoduché sčítání vektorů, byl složitě vysvětlován jako soustava neuronů. Čekal bych spíš název předmětu něco jako Historie neuronových sítí, aby se student mylně netěšil, že se zde dozví něco použitelného v praxi."
NAIL002,,přednáška,18.02.2024,1. Ročník,Computer Science - Artificial Intelligence,"The subject is so wide yet the course manages to cover so much and then some. Never did I expect to learn about deep concepts such as SuperSAB or Adam or Associative Memories in such a well-explained, formal and sound mathematical way. Carefully organised course, despite the breadth of the concepts explored. Just Excellent."
NAIL002,,přednáška,18.02.2024,1. ročník,Informatika - Umělá inteligence,"Bohužel ač náplň předmětu zní lákavě, realita se moc nepotkala s očekáváními. Dost možná to, co napíšu souvisí hlavně s přednášející (doc. Mrázová). Slidy jsou zastaralé, ošklivé, nepřehledné a blbě se z nich učí. Nahrávky z covidu existují pouze asi pro první 3 přednášky, což je dost k ničemu. Témata možná nejsou až tak žhavá v dnešním světě, budiž, ale i tak by podle mě mohla být zajímavá, což se těžce nedaří. 2 přednášky týdně mi přišly přestřelené, myslím, že by se obsah vešel do jedné. Chybí nějaké logické členění. Přednášky jsou jeden souvislý tok, který je akorát rozsekán v bodech, kdy zrovna dojde čas. Chybí nějaké shrnující části, silnější vysvětlení hlavních konceptů. Ne, je to jen plynulý chaos. Co hodnotím kladně, jsou průběžné testy a započítání bodů ze cvičení do zkoušky - člověk pak neměl tolik obav se zkouškou. Celkově na 8 kreditů to nebylo až tolik práce. Kdybych měl předmět změnit, vyhodil bych jednu přednášku, možná přidal cvičení (nebo prodloužil), snížil kreditovou dotaci a asi hlavně změnil přednášející :/ Jestli zvažujete zápis v této formě, látku z přednášek se učte doma (prý to dost jede podle nějaké z knížek z literatury) a choďte jen na cvičení (ty jsou fajn)."
NAIL029,"Mgr. Marta Vomlelová, Ph.D.",přednáška,06.08.2025,1. ročník,Mathematical Analysis,"Summer semester 2025. Prof. Vomlelova is highly knowledgeable and responsive, offering clear, insightful explanations that go beyond the course material. Although she seemed slightly hesitant early on, her confidence grew over time. Her patience and dedication to student learning are commendable, and with more vocal confidence, her teaching style could be even more impactful."
NAIL029,"Mgr. Marta Vomlelová, Ph.D.",přednáška,26.06.2024,1. Ročník,Computer Science - Artificial Intelligence,"Professor Vomlelova is remarkably knowledgeable and quick-witted. She not only encourages questions but also extends her explanations beyond the course content, offering insightful answers that directly clarify the lecture material. Her inherent teaching qualities are commendable, and she should confidently showcase these qualities during her lectures. While I initially sensed a hint of unease or hesitation in her presentation at the beginning of the semester, this gradually dissipated. I sincerely appreciate her dedication to delivering coherent lectures while patiently addressing our questions, no matter how basic they may have seemed, all in the spirit of fostering our learning. I encourage her to continue growing in confidence and feel free to be louder, which would further enhance her teaching style. Overall, I am deeply grateful for the opportunity to have taken her classes and gained invaluable knowledge that has also significantly benefited my performance in other courses."
NAIL029,,přednáška,06.08.2025,1. ročník,Mathematical Analysis,"Summer semester 2025. An overall above average course: a well-organized one that provided a theory-focused overview of machine learning methods. While outdated slides were occasionally uploaded, they were corrected in time for the exams. I would also suggest to have better-organized slides: sometimes it was difficult to even understand the point of the topics illustrated. I would have also put more emphasis on the practical application and aspects of the methods taught during lectures."
NAIL029,,přednáška,26.06.2024,1. Ročník,Computer Science - Artificial Intelligence,"he course content is well-organized, offering a comprehensive overview of machine learning methods heavily influenced by ""The Elements of Statistical Learning."" There were occasional instances where outdated slides were posted on Moodle, although these were promptly corrected before the exams. It was noted by some participants that this happened a few times, but it was not a persistent occurrence. In the future, I would appreciate more consistent updates of slides after each lecture to ensure current material is readily available. Despite these occasional issues, the course introduced me to new logical inductive reasoning techniques in machine learning and effectively integrated a variety of methods into a cohesive unit. Deep learning and deep reinforcement learning, which have dedicated courses, were appropriately excluded from this overview. Overall, the course provided a deep theoretical understanding and a unique perspective on machine learning."
NPFL147,"Mgr. Jindřich Helcl, Ph.D.",cvičení,15.02.2026,1. ročník,Computer Science - Artificial Intelligence,It took them a while to grade the assignments
NPFL147,"Mgr. Jindřich Helcl, Ph.D.",cvičení,14.02.2026,1. ročník,Informatika - Umělá inteligence,"Najhorší výkon cvičiaceho. Jeho jediným podielom na cvičení, bola oprava úloh. Prvú úlohu opravil dva mesiace po deadline. Aj toto hodnotenie bolo však iba bodové a k jeho zdôvodneniu, či aspoň správnemu riešeniu sme sa doteraz nedostali. Druhú úlohu opravil na konci skúškového. Toto hodnotenie neumožňuje žiaden priebežný odhad svojej známky"
NPFL147,"Mgr. Jindřich Helcl, Ph.D.",cvičení,15.01.2026,1. Ročník,Informatika - Umělá inteligence,Doba opravovani ukolu je velmi dlouha (v radu tydnu az mesicu)
NPFL147,"doc. RNDr. Pavel Pecina, Ph.D.",cvičení,15.02.2026,1. ročník,Computer Science - Artificial Intelligence,Hard to follow and understand. It took them a while to grade the assignments
NPFL147,"doc. RNDr. Pavel Pecina, Ph.D.",cvičení,14.02.2026,1. ročník,Informatika - Umělá inteligence,"Cviko predmetu je zbytočné. Kvízy z cvika sa dajú robiť aj na diaľku a keďže je k nim aj slovné vysvetlenie, účasť na cviku je zbytočná. Výhodou je možnosť konzultácie, ktorú však nikto nevyužíva."
NPFL147,"doc. RNDr. Pavel Pecina, Ph.D.",přednáška,15.02.2026,1. ročník,Computer Science - Artificial Intelligence,I think he could be more prepared. He could explain things in greater depth and focus on the why rather than just reading the formulas in the slides
NPFL147,"doc. RNDr. Pavel Pecina, Ph.D.",přednáška,14.02.2026,1. ročník,Informatika - Umělá inteligence,"Prejav na prednáške je hrozne monotónny, inak je však vyučujúci veľmi ochotný, milý a často aj zábavný."
NPFL147,,cvičení,15.02.2026,1. ročník,Informatika - Umělá inteligence,"Cvičení jsou koncipována společným synchronním vyplňováním Moodle kvízů. Ty jsou poté vyučujícím vysvětleny. Po vyplnění kvízů cvičení končí. Vzhledem ke kreditové dotaci (6 kreditů) by cvičení měla obsahovat nějaká cvičení. Domácí úkoly jsou skvěle koncipovány, ovšem pozdě zveřejněny, ve všech 3 případech s chybami. Hodnocení úkolů by zasloužilo alespoň nějakou transparentnost. Tento semestr se časově absolutně rozpadlo hodnocení domácích úkolů."
NPFL147,,cvičení,15.02.2026,1. ročník,Computer Science - Artificial Intelligence,"Not useful at all, it would be better to do the assignments the lecture requires to pass during the practicals"
NPFL147,,cvičení,14.02.2026,1. ročník,Informatika - Umělá inteligence,"Najhorší zápočet aký som zažil. 3 veľké, náročné úlohy, každá z nich má štvrtinovú váhu výslednej známky. Ich zadanie je veľmi stručné, čo by až tak nevadilo. Problém je v hodnotení : prvú úlohu pán Helcl ohodnotil po dvoch mesiacoch. Hodnotenie úloh bolo iba bodové, nikto sme sa doteraz nedozvedeli kde sme spravili aké chyby, ani sme nedostali vzorové správne riešenia. Tento problém je o nepríjemnejší, že v nasledujúcih úlohách bolo treba použiť časti kódu predošlých úloh. Zadanie poslednej úlohy bolo zverejnené na začiatku skúškového a na úlohu sme mali dva (po dohode 4) týždne."
NPFL147,,cvičení,15.01.2026,1. Ročník,Informatika - Umělá inteligence,"Na cviceni se delaji pouze moodle kvizy ktere se sice pak nejak projdou, ale jinak cviceni neni moc prinosne."
NPFL147,,přednáška,15.02.2026,1. ročník,Informatika - Umělá inteligence,Předmět je sylabem koncipován spíše kvalitně. Působí jako dobré shrnutí dané problematiky.
NPFL147,,přednáška,15.02.2026,1. ročník,Computer Science - Artificial Intelligence,"The slides are hard to follow, the formulas are not well-formatted, and they are not organized. Lectures lack depth"
NPFL147,,přednáška,14.02.2026,1. ročník,Informatika - Umělá inteligence,Sylabus prednášky je skvelý. Prednášky sú učivom perfektne koncipované a jedinou nevýhodou je miestami monotónny prejav vyučujúceho. Cviká predmetu akoby vlastne neboli.
NAIL025,"Mgr. Roman Neruda, CSc.",přednáška,15.02.2026,1. Ročník,Informatika - Umělá inteligence,"Přednášející svým přístupem úžasně motivuje a předává tak ve stejném čase mnohem více, než někteří jeho kolegové."
NAIL025,"Mgr. Roman Neruda, CSc.",přednáška,15.02.2026,1. Ročník,Computer Science - Artificial Intelligence,He makes the lectures extremely interesting and engaging. He demonstrates great depth in the area and answers every question
NAIL025,"Mgr. Roman Neruda, CSc.",přednáška,08.02.2026,3. ročník,Informatika,"Veľmi pútavé a zábavné prednášanie, ťažko zabudnuteľné metafory + veľmi ústretový."
NAIL025,"Mgr. Roman Neruda, CSc.",přednáška,06.01.2026,1. ročník,Informatika - Umělá inteligence,"Vyučující se snaží udržet pozornost studentů vtipy a vysvětlením dané látky intuitivním způsobem, takže se jedná o velmi příjemné přednášky."
NAIL025,"Mgr. Roman Neruda, CSc.",přednáška,06.01.2026,1. Ročník,Computer Science - Artificial Intelligence,"Amazing, energetic, pleasant to listen, approachable. I do not have enough adjectives to be honest."
NAIL025,"Mgr. Roman Neruda, CSc.",přednáška,16.02.2025,1. ročník,Informatika - Umělá inteligence,"Přednášky pana Nerudy jsou výborné, nejlepší přednášky co jsem zatím měl na Mgr studiu matfyzu."
NAIL025,"Mgr. Roman Neruda, CSc.",přednáška,16.02.2025,1. ročník,Informatika - Jazykové technologie a počítačová lingvistika,"Trochu komik, příjemné vystupování. Mrzel mě průběh písemné části zkoušky trochu - taková jako rezignace. Jasně, jsme dospělí a jsou to naše morální hodnoty, akorát je to vlastně možná spíš demotivující pro ty poctivé... inu, ze života."
NAIL025,"Mgr. Roman Neruda, CSc.",přednáška,09.01.2025,4. Ročník,Informatika,"Pohodový vyučující. Rád dělá vtipy, někdy mi to ale přišlo až moc, že byla série vtipů za sebou bez posunutí tématu přednášky."
NAIL025,"Mgr. Roman Neruda, CSc.",přednáška,09.01.2025,3. Ročník,Informatika,"Dobrý přednes, vtipný."
NAIL025,"Mgr. Roman Neruda, CSc.",přednáška,06.01.2025,1. Ročník,Computer Science - Artificial Intelligence,The professor is fun and passionate.
NAIL025,"Mgr. Roman Neruda, CSc.",přednáška,18.02.2024,1. Ročník,Computer Science - Artificial Intelligence,"Unmatched charisma and passion about the subject, and that's priceless. Many lecturers manage to make a subject boring, a few make a subject understandable, but only one or two in the entire world can make a subject enjoyable. And, for Evolutionary Algorithms, I think Prof. R. Neruda, is one of those two. I wish Prof. Neruda from whom I would love to learn much more, a happy, healthy, long and fruitful life. And to conclude: ""Even the coal's smoke can't rob Usti-Nad-Labem of its natural beauty."", make of this statement what you will."
NAIL025,"Mgr. Roman Neruda, CSc.",přednáška,06.02.2024,1. Ročník,Informatika - Umělá inteligence,"Líbí se mi, že pan Neruda vše vysvětluje na příkladech a ujišťuje se, že látce rozumíme."
NAIL025,"Mgr. Roman Neruda, CSc.",přednáška,16.01.2024,1. ročník,Informatika - Softwarové a datové inženýrství,"Přednášející byl milý, příjemný, hodiny s ním byly zábavné. Občas jen možná trávil hodně času u nějakých detailů, ale to dojem nekazilo."
NAIL025,"doc. Mgr. Martin Pilát, Ph.D.",cvičení,15.02.2026,1. Ročník,Informatika - Umělá inteligence,"Cvičení probíhají velice naučnou formou, prostředí umožňuje pokládat libovolné otázky a získat ze cvičení co nejvíce."
NAIL025,"doc. Mgr. Martin Pilát, Ph.D.",cvičení,15.02.2026,2. ročník,Teoretická fyzika,"Výborný a milý cvičící! Vše potřebné hezky vysvětlí, případné dotazy rád zodpoví. Cvičení byla pohodová"
NAIL025,"doc. Mgr. Martin Pilát, Ph.D.",cvičení,16.02.2025,1. Ročník,Informatika - Umělá inteligence,"Pan Pilát vysvětluje látku velmi dobře, cvičení byly super."
NAIL025,"doc. Mgr. Martin Pilát, Ph.D.",cvičení,16.02.2025,1. ročník,Informatika - Umělá inteligence,Jeden z nejlepších učitelů.
NAIL025,"doc. Mgr. Martin Pilát, Ph.D.",cvičení,11.02.2025,1. ročník,Informatika - Jazykové technologie a počítačová lingvistika,"Oceňuju, že Martin se k tématu staví poměrně přímo. Vše vysvětluje srozumitelně, postupy nestraně zhodnotí a mluví pouze o věcech týkajících se tématu."
NAIL025,"doc. Mgr. Martin Pilát, Ph.D.",cvičení,06.01.2025,1. Ročník,Computer Science - Artificial Intelligence,Excellent professor very engaging.
NAIL025,"doc. Mgr. Martin Pilát, Ph.D.",cvičení,18.02.2024,1. Ročník,Computer Science - Artificial Intelligence,"Explanations where perfect, Dr. Pilat was available both in class and via email at all times, always helpful and listening to the students concerns. Please don't change."
NAIL025,"doc. Mgr. Martin Pilát, Ph.D.",cvičení,06.02.2024,1. Ročník,Informatika - Umělá inteligence,"Super. Líbí se mi jeho otevřený přístup a komunikace. Kdyby se Martinovi podařilo dostat do hodin trochu víc obsahu nebo nějaká zajímavá ineraktivní cvičení, tak by to bylo parádní. Ale i tak naprostá spokojenost."
NAIL025,"doc. Mgr. Martin Pilát, Ph.D.",cvičení,16.01.2024,1. ročník,Informatika - Softwarové a datové inženýrství,"Velmi milý a hodný vyučující, vždy měl pozitivní náladu a vše vysvětlil srozumitelně, nemám co vytknout."
NAIL025,"doc. Mgr. Martin Pilát, Ph.D.",cvičení,11.01.2024,2. ročník,Informatika - Umělá inteligence,Skvělé jako vždy!
NAIL025,"doc. Mgr. Martin Pilát, Ph.D.",přednáška,15.02.2026,1. Ročník,Computer Science - Artificial Intelligence,"He makes sure everyone is understanding, and he always asks and answers ""why?"" which I think is crucial for developing critical skills and connecting ideas throughout different topics."
NAIL025,"doc. Mgr. Martin Pilát, Ph.D.",přednáška,08.02.2026,3. ročník,Informatika,"Veľmi jasný, zrozumiteľný spôsob prednášania. Responzívny na dotazy k téme."
NAIL025,"doc. Mgr. Martin Pilát, Ph.D.",přednáška,06.01.2026,1. ročník,Informatika - Umělá inteligence,"Super vyučující, je ochotný a je poznat, že ho téma baví a snaží se co nejvíce předat studentům."
NAIL025,"doc. Mgr. Martin Pilát, Ph.D.",přednáška,06.01.2026,1. Ročník,Computer Science - Artificial Intelligence,"helps each student to understand the topic individually, puts a lot of effort in us."
NAIL025,"doc. Mgr. Martin Pilát, Ph.D.",přednáška,09.01.2025,4. Ročník,Informatika,Dobře udělané úlohy na cvičení
NAIL025,"doc. Mgr. Martin Pilát, Ph.D.",přednáška,06.01.2025,1. Ročník,Computer Science - Artificial Intelligence,"The professor is very engaging, passionate and give insightful detail about the course."
NAIL025,"doc. Mgr. Martin Pilát, Ph.D.",přednáška,18.02.2024,1. Ročník,Computer Science - Artificial Intelligence,"Dr. Martin Pilat is close in terms of age to myself so his explanations of the Multi-Objective Optimisation (Moo) resonated with me (and I like to think, with other students too) on an optimal level. But that is not the only reason why it was optimal. Absolute mastery of the subject, and a great passion for it are obvious. One would think that, with Prof. Roman Neruda being most excellent as he is, Dr. Martin Pilat would have a hard time filling those enormous shoes, however reality was totally the opposite. The explanations were precise concise and conveyed all the necessary concepts with masterful simplicity. I would have wished the Moo subject took two consecutive sessions instead of one and more time was given to go deeper (and slightly slower) into NSGA I to III, and MOEAD to name a few. I was also evaluated by Dr. Pilat, the questions really tested one's knowledge of the matter, and the stress-free climat in which the evaluation was conducted allowed me to answer to my optimal ability. The grading I think with respect to how hard I prepared for the exam and what I learned was fair. Dr. Pilat managed to make my first exam in Charles University not only a comfortable matter but surprisingly an enjoyable matter."
NAIL025,,cvičení,15.02.2026,1. Ročník,Informatika - Umělá inteligence,"Cvičení skvěle doplňují přednášky, a to i přes nesynchronizovanost. Možnost vyzkoušet si jednotlivé přístupy je velmi příjemná."
NAIL025,,cvičení,16.02.2025,1. Ročník,Informatika - Umělá inteligence,"Domácí úkoly se mi líbily, ale potřebovaly trochu více času, než jsem předpokládal (nastavení hyperparametrů/operátorů bylo náročné)."
NAIL025,,cvičení,11.02.2025,1. ročník,Informatika - Jazykové technologie a počítačová lingvistika,Pěkná cvičení. Vhodně pokrývají dané téma.
NAIL025,,cvičení,06.01.2025,1. Ročník,Computer Science - Artificial Intelligence,"Great course, I get to learn a lot from this course."
NAIL025,,cvičení,18.02.2024,1. Ročník,Computer Science - Artificial Intelligence,"For lack of better words, the practicals were excellent. I understand that initially it was one task per week but that it was agglomerated in a per 2-3 weeks basis. I also understand that the course is moving towards agglomerating the tasks perhaps semester-wise. I strongly advise against that, I found that 3 weeks is optimal as a basis was optimal. I have made the experience of a semester-wise assignment, and it wasn't ideal, a student can quickly get lost. I understand that it is the responsibility of the student to keep track of their assignments but with so many course with different deadlines, prioritisation makes the further deadline always receive the least attention."
NAIL025,,cvičení,06.02.2024,1. Ročník,Informatika - Umělá inteligence,"Cvika byly super, jen škoda, že toho občas bylo celkem málo k probrání. Možná by pomohla nějaká motivace, aby člověk rovnou začal programovat. Přiznám se, že mě trochu mátly úkoly, co se odevzdávaly naráz, protože jsem nějak měl pocit, že na tom do tý doby nemůžu pracovat (což byla chyba, určitě je super začít hned)."
NAIL025,,cvičení,16.01.2024,1. ročník,Informatika - Softwarové a datové inženýrství,"Oceňuji dostupnost materiálů na Moodle, připravené šablony i zadání úloh, vše bylo velmi kvalitní. Úkoly přiměřeně obtížné."
NAIL025,,cvičení,11.01.2024,2. ročník,Informatika - Umělá inteligence,"Skvělé cvičení - možná ho v průběhu semestru tak neoceníte, ale díky němu je zkouška nejvíc v pohodě, protože jste si skoro všechny probrané věci prakticky vyzkoušeli, takže přesně víte, jak co funguje."
NAIL025,,přednáška,15.02.2026,1. Ročník,Informatika - Umělá inteligence,Předmět působí jako kvalitní shrnutí problematiky evolučních algoritmů.
NAIL025,,přednáška,15.02.2026,1. Ročník,Computer Science - Artificial Intelligence,Interesting topics and the practicals are very aligned with what we are doing during the lectures
NAIL025,,přednáška,08.02.2026,3. ročník,Informatika,"Zaujímavý predmet, odprezentovaný veľký rozsah tém a prístupov k nim."
NAIL025,,přednáška,06.01.2026,1. ročník,Informatika - Umělá inteligence,"Velmi zajímavý a zárove%n zábavný předmět. Je skvělé si vše vyzkoušet v úkolech, které jsou velmi dobře zpracovány."
NAIL025,,přednáška,16.02.2025,1. ročník,Informatika - Umělá inteligence,"Přednášky byly výborné, trochu minimalistické slidy, ale pohoda."
NAIL025,,přednáška,16.02.2025,2. ročník,Informatika - Umělá inteligence,"Skvělý předmět, Neruda s Pilátem nikdy nezklamou!"
NAIL025,,přednáška,02.02.2025,1. ročník,Informatika - Umělá inteligence,Prednáška bola fajn. Všetko na dalo pochopiť a celkovo to bola zábava.
NAIL025,,přednáška,09.01.2025,4. Ročník,Informatika,"Většina obsahu se opakuje z předmětu Přírodou inspirované algoritmy, který je pro Bc. z umělé inteligence povinně volitelný a je spíš těžší se mu vyhnout."
NAIL025,,přednáška,09.01.2025,3. Ročník,Informatika,Zajímavý předmět
NAIL025,,přednáška,06.01.2025,1. Ročník,Computer Science - Artificial Intelligence,"Excellent course, I get to learn a lot from this course."
NAIL025,,přednáška,18.02.2024,1. Ročník,Computer Science - Artificial Intelligence,"One can quickly find all sorts of words and superlatives to embellish something as mundane and normal as a class. However, when describing something beyond that, language becomes more of a handicap, and words are never fair or enough. Including the word 'Perfect'. Cleverly organised, which shows the author's passion about the subject, the entire course is staged seamlessly from a chapter to the next. Starting from the simple genetic algorithm the concepts grow (somewhat chronologically, but not only) in complexity and breadth, both in terms of techniques as well as dimensions, yet the simplicity with which these concepts are explained and conveyed is delightful and they stick easily in memory. I found everything interesting even Evolutionary Programming even though it is a most complicated topic."
NAIL025,,přednáška,06.02.2024,1. Ročník,Informatika - Umělá inteligence,"Zajímavý předmět, člověk se dozví hodně z oblasti. Možná by obsahu šlo trochu přidat. Například nejnovější poznatky apod."
NAIL025,,přednáška,16.01.2024,1. ročník,Informatika - Softwarové a datové inženýrství,"Zajímavý náhled na řešení mnoha různých problémů (ať už optimalizační, nebo NP-těžké)."
NAIL107,"RNDr. František Mráz, CSc.",cvičení,18.06.2024,1. Ročník,Bioinformatika,"Ocenil byl lepší dochvilost, vyučující pravidelně chodil pozdě."
NAIL107,"RNDr. František Mráz, CSc.",přednáška,18.06.2025,1. Ročník,Informatika - Umělá inteligence,Vstřícný a ochotný vyučující který navíc dokáže věci dobře vysvětlit.
NAIL107,"RNDr. František Mráz, CSc.",přednáška,26.06.2024,1. Ročník,Computer Science - Artificial Intelligence,"Professor Mraz is one of the best teachers I have had the pleasure of studying under. He is encouraging and puts great effort and care into answering questions and explaining complex ideas. He has the student's perspective, who sees those complex ideas for the first time. This allows him to foresee the student's potential troubles in understanding those ideas. Often, he stays after class to answer questions. He knows how to make his lectures interesting and insert fun facts here and there. He also engages the students during the lectures, prompting us to think through the story he tries to tell through his lectures."
NAIL107,"RNDr. František Mráz, CSc.",přednáška,18.06.2024,1. Ročník,Bioinformatika,"Ocenil bych větší dochvilost, protože zřídkakdy jste přišel na přednášku včas. Co se týče zkoušky, zdála se mi zaujatá proti bioinformatikům, kterým jste pokládál více otázek než ostatním studentům."
NAIL107,,cvičení,18.06.2024,1. Ročník,Bioinformatika,"Cvičení je koncipováno jako procházení jupyter notebooků a doplňování chybějících částí kódu. Na prvním cvičení bylo řečeno, že budou zadávány domácí úlohy a online test. Nakonec se testy nekonali žádné a domácí úloha byla pouze jedna."
NAIL107,,přednáška,26.06.2024,1. Ročník,Computer Science - Artificial Intelligence,"The course puts ample emphasis on applying machine learning to consequential BioInformatics tasks, from detecting disease to detecting the gene-level impairment leading to that disease and then some. I think the course strikes the right balance of application and theory. It gets into the nitty gritty of solving various ML tasks that can also be extrapolated to non-bioinformatics problems. As a CS student, I was introduced to how we apply computational techniques to BioInformatics without any previous knowledge of BioInformatics. The complexity of the BioInformatics concepts was apt enough for me to understand the extent to which ML applies to them."
NAIL107,,přednáška,18.06.2024,1. Ročník,Bioinformatika,"Upřímně nevím pro koho je tento předmět určený. Pro lidi, kteří už machine learning na MFF absolvovali je většina kurzu pouze opakováním. Naopak pro lidi, kteří machine learning neovládají jsou přednášky naprosto nesrozumitelné. Slajdy se zbytečnými vzorečky bych nahradil obrázky a intuitivním vysvětlením algoritmů, určitě by to bylo přínosnější a v hlavě vydrželo i po skončení kurzu."
NDBI023,"RNDr. František Mráz, CSc.",cvičení,05.06.2025,2. Ročník,Informatika - Umělá inteligence,"Vede cvičení praktickým způsobem, člověk se nenudí a vyzkouší si látku."
NDBI023,"RNDr. František Mráz, CSc.",cvičení,30.05.2025,1. ročník,Informatika - Umělá inteligence,"Na cvičeních jsem se naučil spoustu věcí, i když jsem to nečekal. Cvičící vysvětluje všechny kroky a je moc přátelský."
NDBI023,"RNDr. František Mráz, CSc.",cvičení,13.06.2023,1. ročník,Informatika - Umělá inteligence,Cvičenia s Pánom Doktorom boli veľmi príjemné a interaktívne. Možnosť ísť prezentovať svoje riešenie pred ostatnými a diskutovať ho bolo veľmi prínosné.
NDBI023,"doc. RNDr. Iveta Mrázová, CSc.",přednáška,30.05.2025,1. ročník,Informatika - Umělá inteligence,Učivo bylo vysvětlené skvěle a přednášky byly docela zábavné.
NDBI023,,cvičení,05.06.2025,2. Ročník,Informatika - Umělá inteligence,"Cvičení procvičují látku na přednášce, jsou velice praktická. Projekt na vlastní téma moc nemusím (hlavně vymýšlení tématu), ale ujde."
NDBI023,,cvičení,30.05.2025,1. ročník,Informatika - Umělá inteligence,"Obsah vycházel přímo z přednášky. Byl sice trochu nesynchronizovaný, ale jsem rád, že jsem si mohl látku prakticky procvičit."
NDBI023,,přednáška,07.09.2025,2. ročník,Informatika - Softwarové a datové inženýrství,"Předmět dobře představuje základní metody data miningu. Přednášky mají trochu pomalejší tempo, takže ne vždy tolik zaujaly, nicméně obsahovaly užitečné informace. Zkouška je v příjemné atmosféře a adekvátní obtížnosti, jen zabere kvůli dvěma částem dost času. O něco těžší byl průběžný test, který se vyplatí nepodcenit a naučit se i vzorečky a výpočty (je těžší než testy na doma v Moodlu). Oceňuji dobře nastavený systém práce v průběhu semestru."
NDBI023,,přednáška,05.06.2025,2. Ročník,Informatika - Umělá inteligence,"Sice ne úplně obtížná témata, která se objevují i v dalších přednáškách, ale zato jsou použitelná v praxi."
NDBI023,,přednáška,30.05.2025,1. ročník,Informatika - Umělá inteligence,"bsah předmětu byl velmi zajímavý. Některé části byly příliš stručné a chyběly jim podrobné ukázky, ale jinak to bylo skvělé."
NAIL116,"RNDr. František Mráz, CSc.",cvičení,09.02.2025,1. ročník,Informatika - Umělá inteligence,Velmi nápomocný a vřele hodnotí domácí úloh a projkty
NAIL116,"doc. RNDr. Iveta Mrázová, CSc.",cvičení,09.02.2025,1. ročník,Informatika - Umělá inteligence,Velmi nápomocná
NAIL116,,cvičení,09.02.2025,1. ročník,Informatika - Umělá inteligence,Hezky zaobaluje principy jak chápat sociální sítě a vztahy jejich účastníků .
NPFL138,"RNDr. Milan Straka, Ph.D.",cvičení,10.09.2025,2. ročník,Computer Science - Artificial Intelligence,"The most amazing professor, teaches incredibly well, helps as much as he can, taking this course makes me want to learn more from this professor"
NPFL138,"RNDr. Milan Straka, Ph.D.",cvičení,,,,"- Na všechny otázky odpovídá mile a snaží se vždy jít k jejímu jádru, které poté vysvětlí. - Otázky odměňuje čokoládou nebo zeleninou (dává na výběr). - Nemá problém posunout deadline úkolu, pokud si člověk zažádá s důvodem. - Dobře a rychle radí s chybami v úkolech, když už nevíte jak dál. - Všeobecně velmi vstřícný ke studentům."
NPFL138,"RNDr. Milan Straka, Ph.D.",cvičení,,,,Na cvičeních se probírají výsledky domácích úloh a soutěží a vysvětlují se zadání nových. Formát i obsah super.
NPFL138,"RNDr. Milan Straka, Ph.D.",cvičení,05.06.2025,2. Ročník,Informatika - Umělá inteligence,"Zcela zodpoví libovolný dotaz. Cvičení připravuje naprosto bravůrně, neukazuje jen „řešení“, ale vše, co se dalo zkusit a jak to dopadlo."
NPFL138,"RNDr. Milan Straka, Ph.D.",cvičení,04.06.2025,1. ročník,Computer Science - Artificial Intelligence,"amazing teacher, 11/10 again"
NPFL138,"RNDr. Milan Straka, Ph.D.",cvičení,,,,"Jeden z nejlepších učitelů, co jsem zatím na VŠ potkal, asi nemám moc co dodat."
NPFL138,"RNDr. Milan Straka, Ph.D.",přednáška,11.09.2025,4. Ročník,Informatika,"Very cheerful, nice and friendly :)"
NPFL138,"RNDr. Milan Straka, Ph.D.",přednáška,10.09.2025,2. ročník,Computer Science - Artificial Intelligence,"Amazing professor, absolutely loved the teaching and the course organization!"
NPFL138,"RNDr. Milan Straka, Ph.D.",přednáška,24.08.2025,1. Ročník,Informatika - Umělá inteligence,"Hrozně chytrý a neustále nakažlivě nadšený vyučující, co umí moc hezky a srozumitelně vysvětlit i pokročilou látku. Je schopný si po přednášce ještě 2 hodiny povídat o různých tématech, na které se chcete zeptat, a pak se ještě omlouvat, že vás zdržuje :D Moc doporučuju, být na jeho přednáškách je zážitek!"
NPFL138,"RNDr. Milan Straka, Ph.D.",přednáška,,,,"- Energický a zajímavý přednes látky u kterého se snad nedá nudit. - Na všechny otázky odpovídá mile a snaží se vždy jít k jejímu jádru, které poté vysvětlí. - Otázky odměňuje čokoládou nebo zeleninou (dává na výběr). - Nemá problém posunout deadline úkolu, pokud si člověk zažádá s důvodem. - Dobře a rychle radí s chybami v úkolech, když už nevíte jak dál. - Všeobecně velmi vstřícný ke studentům."
NPFL138,"RNDr. Milan Straka, Ph.D.",přednáška,,,,"Sláva kurzů Milana Straky dávno přerostla hranice akademické sféry - potkala jsem v byznysu nemálo lidí, kteří na něj buď chodili, dívají se na přednášky na webu, znají někoho, kdo tam chodil, anebo o něm alespoň slyšeli vyprávět. Přednáška je naprosto fantasticky postavená, jak odborně, tak didakticky. Vše probírané si prakticky vyzkoušíte na domácích úkolech a soutěžích - to sice zabere hodně času, ale každá investovaná minuta navíc vede k lepšímu pochopení celé věci, takže se to rozhodně vyplatí. Úlohy jsou skvěle vybrané a připravené - šablony návodné a datasety poskládané tak akorát, aby se model dal v rozumném čase natrénovat, ale už něco zajímavého dělal. Kromě struktury se na úspěchu kurzu velkou měrou podílí i energie a pedagogické schopnosti přednášejícího - dokáže formalismus (vzorečky) obalit přesně správnou mírou motivace, aby bylo dobře pochopitelné, co a jak právě dělá. Vše na sebe logicky navazuje a témata dohromady tvoří kompaktní smysluplný celek. Slidy obsahují mnoho názorných ukázek výstupů probíraných algoritmů. Je to celé i trochu show v tom nejlepším slova smyslu, takže na přednášce určitě neusnete. To, co se naučíte, je přímo využitelné v reálných datových projektech. Velmi doporučuji."
NPFL138,"RNDr. Milan Straka, Ph.D.",přednáška,05.06.2025,2. Ročník,Informatika - Umělá inteligence,Na přednáškách z něho přímo čiší (pozitivní) energie a nadšení do tématu. Zcela zodpoví libovolný dotaz. Přednášky udržuje aktuální (i když jsou na rychle se měnící téma jako AI).
NPFL138,"RNDr. Milan Straka, Ph.D.",přednáška,04.06.2025,1. Ročník,Computer Science - Artificial Intelligence,"11/10 professor, he is simply amazing and soo passionate about his teaching. Always helpful for whatever question you may have."
NPFL138,"RNDr. Milan Straka, Ph.D.",přednáška,,,,"Velice empaticky k potrebam studentu a je videt,ze jej vyuka bavi"
NPFL138,"RNDr. Milan Straka, Ph.D.",přednáška,15.09.2024,2. Ročník,Informatika - Umělá inteligence,Jedna z najlepsich prednasok na MFF.
NPFL138,"RNDr. Milan Straka, Ph.D.",přednáška,28.06.2024,1. ročník,Matematika pro informační technologie,"The tempo of the course is quite fast and some of the problems are challenging and time consuming(mostly in the end of the semester). It is possible to do this course with other 4-5 courses, but they must be super easy without additional work during the semester"
NPFL138,"RNDr. Milan Straka, Ph.D.",přednáška,26.06.2024,1. Ročník,Computer Science - Artificial Intelligence,"Professor Straka is exceptionally intelligent. He is a menacing combination of strong theoretical foundations and impressive practical skills. His work ethic is admirable; he offers consultation time after his 2-3 hour lectures and often spends the entire day helping students. He is also very active on our student communication channel, Piazza. Although I don't encourage staying up late, he has often reviewed my pull requests at midnight or later, reflecting his relentless dedication. As a lecturer, he is engaging and animated, encouraging questions and weaving a narrative through his lectures. Although he can sometimes move too quickly, this is likely due to the extensive content he must cover in a limited time. Personally, I learn best through the repetition of new concepts and an intuition-focused approach, which then fuels a deeper dive into the formulas. The course structure could potentially benefit from incorporating more of this approach within the constraints of time and content. It's been a pleasure and an honor to be Professor Straka's student."
NPFL138,"RNDr. Milan Straka, Ph.D.",přednáška,14.06.2024,2. ročník,"Algebra, teorie čísel a matematická logika","Amazing lecturer, I cannot image the time spent on the preparation of both the lectures and the practicals."
NPFL138,"RNDr. Milan Straka, Ph.D.",přednáška,04.06.2024,4. ročník,Informatika,Milan Straka je bůh!
NPFL138,"RNDr. Milan Straka, Ph.D.",přednáška,29.05.2024,3. Ročník,Informatika,"Milan Straka je bezpochyby nejvíce inspirativním pedagogem, se kterým jsem se ve svém celém životě setkal. Ať už jsem měl jakýkoliv problém vždy mi dokázal pomoct a i po několika hodinách konzultací s jinými studenty pořád přistupoval k problému s neutuchajícím nadšením a energií. Zároveň je opravdovou kapacitou ve svém oboru, stíhá sledovat vývoj ve strojovém učení, takže to co se učíme je opravdu aktuální a přímo použitelné v praxi. Chtěl bych Vám tímto ještě jednou poděkovat za Vaši práci a přínos, který to pro nás má. Děkuji Vám!"
NPFL138,,cvičení,,,,"- Ze začátku se na cvičeních spíš dovysvětluje látka z přednášky. Později se prochází předešlé úkoly, ke kterým dává rady na vyřešení a k soutěžním úkolům po 1.deadlinu i návod na splnění základní baseline."
NPFL138,,cvičení,05.06.2025,2. Ročník,Informatika - Umělá inteligence,"Úkoly (= „příklady na cvičení“) jsou skvěle připravené, člověk se na nich naučí důležité části přednášky."
NPFL138,,cvičení,04.06.2025,1. ročník,Computer Science - Artificial Intelligence,really interesting and good
NPFL138,,cvičení,,,,"Osobně jediné, co mě štvalo, byly chvíle, kdy se v domácích úkolech muselo použít něco hodně speciálního a horko těžko zdokumentováno, a nebyli jsme před tím dostatečně varováni - add_tokens() v reading comprehension, detach v ganech a mnohé další - na těchto blbostech se propálilo zbytečně moc času a ano, k naučení je třeba si něco protrpět, tyhle věci mi ale konkrétně přišly zbytečné. Pokud se bude další semestry kompilovat, tak se to nezlepší."
NPFL138,,cvičení,14.06.2024,2. ročník,"Algebra, teorie čísel a matematická logika","Even though the problems (and especially the competitions) were often times highly non-trivial and took a substantial amount of time, I think that nothing else would have helped me to understand the material that well. Most importantly, all the tasks were accompanied by rather detailed templates with a lot of commentaries, and so at no point I felt totally lost. Finally, the lecturer and additional instructors were always there to help with some particular problems."
NPFL138,,přednáška,11.09.2025,4. Ročník,Informatika,"Awesome, very practical, useful, hard and rewarding course. You spend hours but get a lot of knowledge in the end. I would comment this as ""The more you sweat in peace, the less you bleed in war"" type of course"
NPFL138,,přednáška,10.09.2025,2. ročník,Computer Science - Artificial Intelligence,"Amazing course, 100% recommend for anyone interested in the field!"
NPFL138,,přednáška,24.08.2025,1. Ročník,Informatika - Umělá inteligence,"Naprosto suprový předmět! Obsah se mění tak, aby byl pořád co nejvíc aktuální. Na organizaci je vidět enormní úsilí za tím, takhle pečlivě připravený předmět jsem ještě neměl. Cením, že je možné si předmět přizpůsobit podle toho, kolik času na něj člověk má. Doporučuju si vyhradit víc času a plnit všechny úlohy, i když to je pak náročnější než 8 kreditů."
NPFL138,,přednáška,,,,"-Zprvu celkem náročnější předmět na pochopení, ale po naučení základů se v něm postupuje již jednodušeji. -Také je náročnější se na začátku vyznat ve všech nových pojmech, pokud se s nimi předtím člověk nesetkal. -Všeobecně zajímavý předmět, který zabředává do všech různých nejužívanějších postupů a praktik machine learningu. -Některé úkoly bývají dost časově náročné. -Dlouhý formát přednášek dokáže být ke konci trochu ubíjející a hůř se soustředí (ze všech jsou ale záznamy)."
NPFL138,,přednáška,10.06.2025,1. Ročník,Bioinformatika a výpočetní biologie,"Předmět byl skvělý, obzváště úkoly a soutěže byly velmi přínosné a zároveň zábavné."
NPFL138,,přednáška,05.06.2025,2. Ročník,Informatika - Umělá inteligence,"Skvělá přednáška. Druhá ze dvou nejlepších přednášek na MFF UK. U spousty ostatních přednášek si člověk říká, jestli nemohl využít čas lépe a dané téma se naučit sám (ať už z poznámek nebo ze zrychlených záznamů). Zde ne, přednáška je přímo nabitá zajímavými znalostmi!"
NPFL138,,přednáška,04.06.2025,1. Ročník,Computer Science - Artificial Intelligence,"amazing course, I loved it, very useful in practice, I learned a lot here"
NPFL138,,přednáška,,,,"Nejlepsi predmet, ktery jsem na MFF absolvoval"
NPFL138,,přednáška,28.06.2024,3. Ročník,Matematické a počítačové modelování ve fyzice,"Myslím, že moc povedený ale docela náročný předmět. Během jednoho semestru se projdou všechny základní nejdůležitější architektury neuronových sítí. Pan doktor Straka je skvělý, energetický učitel. Před tabulí někdy doslova skáče a může působit trochu jako blázen, ale určitě se mu daří studentům předat nadšení. Předmět je časově hodně náročný. Připravte se na to, že to bude ta hlavní věc, co budete během semestru dělat, ale myslím, že to za to stojí. Na některém úkolů můžete být zasekly i několik dnů. Moc oceňuji Strakovu ochotu pomáhat a odpovídat na otázky na piazze. Dvakrát jsem za ním přišel po hodině s notebookem a asi půl hodiny se se mnou koukal do kódu a pomohl mi najit chybu."
NPFL138,,přednáška,28.06.2024,1. ročník,Matematika pro informační technologie,"This course is a masterpiece. Professor Milan Straka and his team are doing great job especially in helping other students with their bugs and errors. I would say that this course was bit easier for me than machine learning, because you don't do as much manual coding."
NPFL138,,přednáška,26.06.2024,1. Ročník,Computer Science - Artificial Intelligence,"""The structure and preparation behind delivering the course are admirable, comparable to the Harvard CS50 course, though without the high production value. The course covers state-of-the-art, cutting-edge, current research work and traces the evolution of this research. Personally, I found the course content overwhelming to manage on my own. I couldn't fully take advantage of everything the course offers in just one semester. However, the course design supports success through teamwork and bonus points. Despite this, I would have preferred more time to fully digest the material. To provide some context, my total workload this semester was equivalent to about nine 5-credit courses. I believe students with lighter course loads could benefit more from this course. If the course were split into two parts over two semesters, I might have gained more from it. Additionally, this could allow for more credits, which is something students feel the course deserves. That said, the course is absolutely stellar, up-to-date, and highly practice-oriented."
NPFL138,,přednáška,14.06.2024,2. ročník,"Algebra, teorie čísel a matematická logika","Possibly the best lecture/seminar I have ever encountered while studying at MFF. The presentation covers both the theory and the practical part more than sufficiently. And most importantly, it all is up-to-date, which is pretty unbelievable taking into account the rate at which the area is currently developing. I highly recommend this subject to anyone interested in deep learning, the amount of knowledge gained after is simply astounding."
NPFL138,,přednáška,04.06.2024,4. ročník,Informatika,"Úžasný předmět, člověk se toho tunu naučí!"
NPFL138,,přednáška,29.05.2024,3. Ročník,Informatika,"Původně jsem chtěl napsat, že se tento předmět řadí mezi nejlepší předměty na Matfyzu, ale to bych mu křivdil. V mých očích je to s odstupem absolutní jednička na Matfyzu. Jeho obrovský přesah dokazuje fakt, že jsem se s informacemi z něj setkal v mnoha dalších předmětech a naučil jsem se v něm o umělé inteligenci víc než ve všech ostatních předmětech dohromady. Opravdu nevím, co bych na tomto předmětu zlepšil – díky Milanovi Strakovi je to dokonalost sama o sobě."
NPFL139,"RNDr. Milan Straka, Ph.D.",cvičení,05.06.2025,2. Ročník,Informatika - Umělá inteligence,"Zcela zodpoví libovolný dotaz. Cvičení připravuje naprosto bravůrně, neukazuje jen „řešení“, ale vše, co se dalo zkusit a jak to dopadlo."
NPFL139,"RNDr. Milan Straka, Ph.D.",cvičení,14.09.2024,3. Ročník,Informatika - Umělá inteligence,"Milan Straka is an amazing teacher—very enthusiastic and always willing to answer questions and offer support with assignments. In terms of teaching quality, he far surpassed what I thought was possible. Personally, taking his classes had a profound effect on me. I would not be the same person I am today had I not met him."
NPFL139,"RNDr. Milan Straka, Ph.D.",přednáška,05.06.2025,2. Ročník,Informatika - Umělá inteligence,Na přednáškách z něho přímo čiší (pozitivní) energie a nadšení do tématu. Zcela zodpoví libovolný dotaz. Přednášky udržuje aktuální (i když jsou na rychle se měnící téma jako AI).
NPFL139,"RNDr. Milan Straka, Ph.D.",přednáška,28.06.2024,4. ročník,Informatika,"Velmi příjemný, snaživý a vstřícný vyučuijící. Pokud se můžete zapsat na jakýkoliv jeho předmět, vřele doporučuji. :)"
NPFL139,,cvičení,05.06.2025,2. Ročník,Informatika - Umělá inteligence,"Úkoly (= „příklady na cvičení“) jsou skvěle připravené, člověk se na nich naučí důležité části přednášky."
NPFL139,,cvičení,14.09.2024,3. Ročník,Informatika - Umělá inteligence,"As expected, this was a highly rewarding class. The material was up-to-date and taught with great explanations and demonstrations. The assignments and competitions were really rewarding and resulted in great and practical understanding, while also being very enjoyable. I also really appreciate how everything is taught in the context of research, with references to research papers and showing their results. This way of teaching really let me understand what we are learning in relation to current research progress. Overall, this class significantly elevated my knowledge and abilities and is my favorite class so far."
NPFL139,,přednáška,25.08.2025,1. Ročník,Informatika - Umělá inteligence,Jeden z nejlepších předmětů během studia
NPFL139,,přednáška,05.06.2025,2. Ročník,Informatika - Umělá inteligence,"Skvělá přednáška. Jedna ze dvou nejlepších přednášek na MFF UK. U spousty ostatních přednášek si člověk říká, jestli nemohl využít čas lépe a dané téma se naučit sám (ať už z poznámek nebo ze zrychlených záznamů). Zde ne, přednáška je přímo nabitá zajímavými znalostmi!"
NPFL139,,přednáška,,,,"Předmět je udělán skvěle. Jeden z nejlepších, které jsem kdy měl. Jelikož je to první běh předmětu s 8 kredity, přibyly nějaké věci, nějaké věci se nestihly, ale pan Straka vždy reagoval vstřícně, flexibilně. Jediné, co by mě napadlo, že by šlo zlepšit je dodělat úlohy k tématům jako Rainbow a jiným věcem, které jsou nové a jejich výklad byl poměrně dost abstraktní. Ale to bylo v plánu, akorát se to nestihlo. Celkově by prostě bylo fajn mít alespoň jednu úlohu ke každé přednášce."
NPFL139,,přednáška,28.06.2024,4. ročník,Informatika,Podle mého předmět velice krásně popisuje problematiku zpětnovazebného učení a dovoluje si fyzicky osahat i implementační detaily konkrétních algoritmů. Skvělý a výborně vyučovaný předmět. :)
NMAI073,"Mgr. Václav Rozhoň, Ph.D.",přednáška,15.02.2026,3. Ročník,Informatika,Mily ucitel lubi sa mi jeho zapal pre vysvetlovanie intuitivnym sposobom ale tempo strasne pomale. Dobre sa mi s nim hadalo na ustnej. Cenim si vsetky vizualizacie a programceky o ktore sme boli obohateni.
NMAI073,"doc. Mgr. Robert Šámal, Ph.D.",cvičení,18.02.2024,3. Ročník,Informatika,Pan Šámal je velmi dobrý a trpělivý cvičící. Věnuje se opravdu všem a má nachystané hezké úlohy. Jsem s jeho cvičeními velmi spokojen.
NMAI073,"doc. Mgr. Robert Šámal, Ph.D.",cvičení,17.02.2024,3. ročník,Informatika,"Cvičení byla vedena vcelku dobře. Jediné co vázlo, bylo opravování úkolů. Pan Šámal měl na opravování úkolů výpomoc, kterým byl Gaurav Sunil Kucheriya, ale s ním se rychlost opravování nezměnila."
NMAI073,"doc. Mgr. Robert Šámal, Ph.D.",přednáška,08.02.2026,3. ročník,Informatika,"Na prvé počutie mi počas prednášok viackrát prišlo, že neviem, k akej téme sa viažu príklady (výklad mi miestami prišiel trocha chaotický). Na druhej strane, čo mi uniklo počas prednášky, jednoducho doplnili dostupné nahrávky."
NMAI073,"doc. Mgr. Robert Šámal, Ph.D.",přednáška,15.02.2025,3. Ročník,Informatika,"Docent Šámal je výborný vyučující, škoda jen poněkud nesystematického psaní na tabuli, které občas trochu komplikovalo moje porozumění tématu. Je skvělé, že často ukazuje praktická využití jednotlivých poznatků. Formát zkoušky mi rovněž velmi vyhovuje."
NMAI073,"doc. Mgr. Robert Šámal, Ph.D.",přednáška,15.02.2025,3. Ročník,Informatika,"Velmi příjemný a pochopitelný výklad spolu s nahráváním přednášek považuji za skvělé aspekty předmětu. Zkouška oproti prvnímu předmětu byla opravdu náročná a vyžadovala důkazy na přednášce nepříliš probrané a v nekompletních skriptech chybějící. Věřím, že podmínky zkoušky by měly být určené a kompletní na začátku semestru, nikoli na začátku zkouškového období, což kompenzují bonusové body ke zkoušce ze cvičení a možnost formula sheetu, kterou opravdu oceňuji."
NMAI073,"doc. Mgr. Robert Šámal, Ph.D.",přednáška,03.02.2025,3. ročník,Computer Science,"doc. Samal is an excellent lecturer, he cares about the students and will make sure that everyone understands the topic before moving on, it was a pleasure to attend his lectues."
NMAI073,"doc. Mgr. Robert Šámal, Ph.D.",přednáška,09.01.2025,3. Ročník,Informatika,Dobrý přístup. oceňuji nahrávání přednášek
NMAI073,"doc. Mgr. Robert Šámal, Ph.D.",přednáška,18.02.2024,3. Ročník,Informatika,"Excelentní přednášející. Jsem velmi spokojen s přednsem i formou. Nikdy jsem neměl problém se s panem Šámalem domluvit, ať už osobně nebo emailem."
NMAI073,"doc. Mgr. Robert Šámal, Ph.D.",přednáška,17.02.2024,3. ročník,Informatika,"Pan doc. Šámal zjevně všem tématům rozumí, ovšem při předávání jeho znalostí už to tak růžové není. Skripta zatím neměl dokončené (samozřejmě nemusel by je mít vůbec), ale často při přednáškách, které probíhaly všechny v angličtině, nějaký důkaz nedokončil s tím, že to najdeme v lecture notes - kde ovšem nebyli. Také čitelnost poznámek na tabuli by mohla být o trochu lepší."
NMAI073,"doc. Mgr. Robert Šámal, Ph.D.",přednáška,05.02.2024,3. ročník,Informatika,"Docent Šámal je výborný přednášející. Přednášky jsou zajímavé, témata jsou velmi dobře vysvětlena a podána poutavou formou. Oceňuji také možnost taháku na zkoušce, díky kterému jsem se mohl více soustředit na obsah předmětu, než na občasné složité technikálie v důkazech. Zpětně mám pocit, že jsem si ze série pasti odnesl ze všech předmětů nejvíce."
NMAI073,"Bc. Josef Tkadlec, Ph.D.",cvičení,13.02.2026,3. ročník,Informatika,Cvičení měla jako vždy skvělou atmosféru a dobře doplňovala látku z přednášky. Cvičící byl vždy velmi trpělivý a ochotný s čímkoliv pomoct. Domácí úkoly a průběžné testíky během semestru dobře navazovaly na cvičení. Obecně mi nepřipadalo moc složité získat zápočet.
NMAI073,"Bc. Josef Tkadlec, Ph.D.",cvičení,12.02.2026,4. ročník,Informatika,"Energický, ochotný látku vysvětlit i osobně na cvičeních. Doporučuji."
NMAI073,"Bc. Josef Tkadlec, Ph.D.",cvičení,15.02.2025,3. Ročník,Informatika,"Pepa je opravdu skvělý cvičící, složité věci dovede vysvětlit srozumitelně. Případně se nebojí přiznat, že si něco špatně rozmyslel a že to musí na tabuli napsat znovu a lépe. Jen mě nepříjemně překvapily podmínky zápočtu (2 testy) – preferoval bych domácí úkoly."
NMAI073,"Bc. Josef Tkadlec, Ph.D.",cvičení,15.02.2025,3. Ročník,Informatika,Přístup ke cvičením považuji za jeden z nejlepších za své studium. Na cvičení jsem se vždy upřímně těšil a odcházel nadšený a obohacený.
NMAI073,"Bc. Josef Tkadlec, Ph.D.",cvičení,03.02.2025,3. ročník,Computer Science,"dr. Tkadlec is a great instructor, in the beginning of the tutorial classes he would give us brief reminders of the topics discussed in the lecture and only then proceed to the problems, it was a great way to do the tutorials"
NMAI073,"Bc. Josef Tkadlec, Ph.D.",cvičení,29.01.2025,2. ročník,Informatika,"Super cvičící, trochu jsem ho asi štval, že jsem dělal během cvičení Advent of Code, ale jinak jsem si cvičení moc užíval :)."
NMAI073,"Bc. Josef Tkadlec, Ph.D.",cvičení,09.01.2025,3. Ročník,Informatika,Dobrý a vstřícný přístup. Zopakoval na začátku teorii z přednášky.
NMAI073,,cvičení,15.02.2026,3. Ročník,Informatika,"Krivdil by som ak by hodnotenie bolo 2, ale je to dost na hrane tentokrat. Pri Pepovej kombagre2 mi prislo ze bolo vysvetlovanie lepsie a nemal som pocit ze ma niekto sikanuje testami (lebo neboli). Ulohy zas na druhu stranu moc jednoduche ale aj trochu obohacujuce. Testy brutalne tazke, hlavne ten druhy v poradi co bol. Nic mi ani nenapada proste taka klasika zopakuje sa prednaska, rozadaju sa ulohy a postupne sa riesia, lubi sa mi tento template a lubili sa mi priklady, bolo to fajn a aj ked som to mal ako jedinu vec v ten den tak sa oplatilo ist do skoly co je vlastne asi prvykrat v zivote co som takuto vec urobil -- zabil 1h v elektricke dobrovolne."
NMAI073,,cvičení,12.02.2026,4. ročník,Informatika,"Předmět byl z mého pohledu velmi zajímavý, vytknul bych jen nedokončená skripta plná TODOs, což se při opakování na zkoušku dalo nahradit záznamy přednášek."
NMAI073,,cvičení,08.02.2026,3. ročník,Informatika,Úlohy preberané na cvičeniach aj domáce úlohy mi pomohli lepšie porozumieť látke z prednášky a precvičiť si ju.
NMAI073,,cvičení,15.02.2025,3. Ročník,Informatika,"Cvičení perfektně navazovalo na přednášku, podmínky pro získání zápočtu byly jasné a relativně jednoduché."
NMAI073,,cvičení,29.01.2025,2. Ročník,Informatika,"Super předmět, jen bych doporučil nedávat body jen za odevzdání domácího úkolu, vedlo to k tomu, že prioritu dostaly úkoly, které se opravdu musí dělat, což je škoda."
NMAI073,,cvičení,09.01.2025,3. Ročník,Informatika,Velmi užitečné. Počítání praktických příkladů za použití teorie
NMAI073,,cvičení,18.02.2024,3. Ročník,Informatika,Cvičení mají dobrou formu a jsou velmi přínosná.
NMAI073,,přednáška,15.02.2026,3. Ročník,Informatika,"Ak by som mal nieco vytknut ako combu Robert Samal a Vaclav Rozhon, prosim opravujte skusky triezvy a v kludovom rezime lebo strhnut 10/10bodov za zlu lambdu ked ma vsetko ostatne clovek dobre je urazka. V sucte si myslim ze ma taketo rychle zavery v bodovani stali 2stupne znamky a to je o 2 viac ako by malo. 10minutove pauzy v strede prednasok su okay, diky za nahravky. Skripta maju viac TODO ako kontentu, ja si myslim ze je okay ked sa nieco nestihne prebrat, nemusi sa do poslednej hodiny natrepat kontentu za 2prednasky lebo ste z nejakeho dovodu nestihli to co minuly rok... Pisem to takto verejne, lebo ak by som vam poslal mail asi by si ho nikto neprecital a/alebo mavlo by sa nad tym rukou. Chapem ze mate rozbehnutych milion projektov a grantov a toto neni priorita, ale potom z past2 moze mat clovek pocit, ze je vlastne oscamovany vzhladom na to ake su priemerne ocakavania od nas ako ziakov. Vsetky todo a rychlo naskrabane vety na tabulu len dava najavo ze ani vlastne vas ta statistika nebavi a pritom to je asi najdolezitejsia oblast matematiky. Je mi to luto. Pri past1 som to neriesil 2roky dozadu som to len chcel mat urobene ale teraz ked tomu zacinam trosilinku chapat a vo volnom case si nieco k tomu pozrem tak ma mrzi ta nejaka hektickost a nie jasna agenda. (robil som past1 v prvom a past2 v tretom roku studia a neni to asi take mudre rozhodnutie nechat si takuto pauzu, ja som si pravdaze myslel ze nebudem robit tento predmet...) Skuska boli 2 zapoctove testy zasebou ale polovicnej narocnosti. Z nejakeho dovodu tam neboli teoreticke otazky. Neviem prislo mi to divne."
NMAI073,,přednáška,12.02.2026,4. ročník,Informatika,"Předmět byl z mého pohledu velmi zajímavý, vytknul bych jen nedokončená skripta plná TODOs, což se při opakování na zkoušku dalo nahradit záznamy přednášek."
NMAI073,,přednáška,08.02.2026,3. ročník,Informatika,"Oceňujem nahrávky dostupné zo všetkých prednášok. Témy preberané na predmete boli zaujímavé, skúška bola po príprave z cvičení primeraná. Cením dostupnosť skrípt."
NMAI073,,přednáška,15.02.2025,3. Ročník,Informatika,"Příjemný přehled různých zajímavých témat, na něž jsem často narážel v jiných předmětech."
NMAI073,,přednáška,15.02.2025,3. Ročník,Informatika,"Předmět dle mého názoru nepůsobí jako ucelený blok učiva, což samo o sobě problémem není, ovšem skok v poslední přednášce k vytvořujícím funkcím použitým k důkazu centrální limitní věty je pro mě do tohoto momentu nepochopitelný. Všechny ostatní kapitoly na druhou stranu považuji za samostatně velmi užitečné a do rozumné hloubky probrané, a to s výjimkou HMM, které by mohly tvořit zajímavou alternativu za čas nestrávaný na CLT."
NMAI073,,přednáška,03.02.2025,3. ročník,Computer Science,"I liked the content of the course, and it felt we are not going deep into any topic, but rather getting introduced to many different ones, it made the overall course easier and interesting, because we get to know lots of new ideas."
NMAI073,,přednáška,29.01.2025,2. Ročník,Informatika,"Velmi se mi předmět líbil. Jen bych zrušil tahák na zkoušku, mám pocit, že jsem se kvůli němu nenaučil moc důkazů, jelikož motivace učit se je klesla, když jsem věděl, že je stačí napsat na papír."
NMAI073,,přednáška,09.01.2025,3. Ročník,Informatika,Zajímavý a užitečný předmět.
NMAI073,,přednáška,18.02.2024,3. Ročník,Informatika,"Velmi zajímavý a přínosný předmět. Užil jsem si ho a myslím, že mě velmi posunul. Silně doporučuji lidem na se zaměřením na AI."
NAIL104,"Mgr. Marta Vomlelová, Ph.D.",přednáška,06.01.2026,1. Ročník,Computer Science - Artificial Intelligence,"I genuinely enjoy listening to the professor. She puts so much effort to explain the topic in an understandable way. The best quality of hers' is that she goes to each student individually to explain complicated staff for them, whenever someone asks her a question"
NPFL140,,seminář,11.09.2025,4. Ročník,Informatika,"Very nice course, I really enjoyed it. I liked how fast teachers reacted to new stuff happening around llms and included and discussed it in the class. One of the few courses I really wanted to attend offline"
NPFL140,,seminář,26.05.2025,1. ročník,Mathematical Analysis,Really Interesting course
NPFL140,,seminář,06.07.2024,3. ročník,Informatika,"Very good organized course. I really enjoyed it and think it is an excellent introduction into the LLM world. There were varoius activities during the lectures, such as quizzes, discussions, playing with LLM api etc. the lecturers are pretty cool (mega frajeri). I hope that in future we will have a LLM2 course."
NPFL140,,seminář,28.05.2024,1. ročník,Computational linguistics,"I liked the course in general, and the lecture about the ethical aspects was particularly interesting."
NMAI060,,přednáška,12.02.2025,1. ročník,Informatika - Umělá inteligence,Páčilo sa mi vysvetlenie učiva na konkrétnych príkladoch. Predmet hodnotím pozitívne.
NAIL099,,seminář,15.02.2026,1. Ročník,Informatika - Umělá inteligence,Velice dobře vybraná témata semináře. Jednotlivé výstupy slouží jako skvělý rozhled světem strojového učení.
NPFL103,,seminář,14.02.2025,1. Ročník,Informatika - Umělá inteligence,"Úlohy z předmětu mě bavily a přišly mi velmi praktické. Jen si doporučuji vyhradit před obzvlášť první úlohou více volného času, bude se vám hodit. Navíc byla trochu škoda, že vyučující obě zadané úlohy ohodnotil až po zkoušce."
NAIL086,,cvičení,05.06.2025,2. Ročník,Informatika - Umělá inteligence,"(Studentské) prezentace různých aktuálních témat z EVA mi přijde hezký způsob, jak se něco o EVA dozvědět."
NPRG071,,seminář,11.02.2026,3. ročník,Informatika - Softwarové a datové inženýrství,"Nedoporučuji si vybrat firemní projekt. Byť spojení školní povinnosti s praxí zní zajímavě, tu hodnotu 6 kreditů stejně spálíte jen na těch školních povinnostech (specifikace, konzultace, report, dokumentace), které byste normálně v praxi dělali minimálně. Jedná se v podstatě o druhou diplomku, a ještě zkomplikovanou tím, že se musí člověk sladit s firmou. Málokterá firma navíc umí nabídnout takové prostředí, aby se na projekt dala diplomka přímo navázat, což je jediná okolnost, za které se z toho nejspíš nezblázníte, protože projekt trvá cca rok (9 měsíců je jen realizace, předtím ho domlouváte, poté obhajujete), a s diplomkou ho paralelně moc dělat nejde. A nejen já kvůli projektu prodlužuji studium (ano, opravdu s ním musíte začít hned se začátkem studia Mgr., jinak to bez prodloužení v podstatě nejde - což je ""ideální"" situace hlavně pro lidi, kteří Bc. studovali jinde)."
NMSA331,"prof. RNDr. Arnošt Komárek, Ph.D.",přednáška,08.01.2025,2. Ročník,Obecná matematika,"Pan profesor Komárek je velice sympatický vyučijící. Je vidět, že je do předmětu zapálen, a tu energii je schopen předat. Látku byl schopen vysvětlit hezky a srozumitelně, s nemála vsuvkami, příběhy i vtípky. Přednášky určitě stály za to, obvzlášť když alternativa jsou 200-stránková skripta. Pan profesor má také masivní plus za vypsání vánočního předtermínu, přičemž u zkoušky byl také velice férový. Se vším všudy tedy nemohu nic zásadního vytknout."
NMSA331,"doc. Ing. Marek Omelka, Ph.D.",cvičení,08.02.2025,3. ročník,Obecná matematika,"Velmi dobrý cvičící. Látku vždy dokázal vysvětlit, občas i předat detaily, které se na přednášce nestihly. Dobrá byla i zpětná vazba na domácí úkol, jenž nám pomohla hodně věcí zlepšit. Malé mínus pouze za dlouhou dobu, která v případě obou úkolů a zápočtového testu panu docentovi zabrala oprava."
NMSA331,Mgr. Hedvika Ranošová,cvičení,15.02.2026,3. ročník,Obecná matematika,"Na začátku cvičení mi chybělo shrnutí látky. Především tomu bylo v druhé polovině semestru, kdy jsme začali pracovat v R. Tehdy jsme na začátku rychle projeli celé cvičení, které měla paní Ranošová předvyplněné, a potom následovala naše samostatná práce(kde si člověk stejně musel znovu a pomaleji projít celé cvičení)."
NMSA331,,přednáška,08.01.2025,2. Ročník,Obecná matematika,"Po několika letech na MFF se konečně ta matematika k něčemu využije! Samotná přednáška je obsahově velmi zajímavá, nicméně trvá necelý půlsemestr, neř se k těm zajímavým věcím dojde. Na jednu stranu chápu, že je dobré vybudovat repertoár nástrojů, na druhou stranu to mnohdy vypadá tak, že se něco dokáže, člověk neví k čemu to je, a pak se to uplatní až za tři měsíce. Každopádně považuji tu druhou část natolik zajímavou, že jsem ochoten tvrdit že stojí za to si tím vším prosedět. Dále velmi oceňuji dostupnost materiálů - předmět má skvělá skripta, a veškeré materiály se dají najít jednoduše online. Na zkoušku definitivně připravíí, a samotná zkouška mi téže připadala rozumná."
NPGR035,"Kassem Anis Bouali, M.Sc.",cvičení,12.02.2026,1. Ročník,Computer Science,Kassem Anis was a super nice teacher! Always ready to help and really understanding. Thank you!
NPGR035,Mgr. Matúš Goliaš,cvičení,15.02.2026,4. ročník,Informatika,"Skvelý cvičiaci. Pomohol vždy, keď mohol, taktiež rýchla oprava zadaní a odpoveď na dotazy."
NPGR035,Mgr. Matúš Goliaš,cvičení,08.02.2025,3. ročník,Computer Science,"The professor is happy to help during practicals and homework, and is knowledgeable about the field and techniques used."
NPGR035,Mgr. Matúš Goliaš,cvičení,17.02.2024,1. ročník,Computer Science,Always available for the students. Very helpful for the assignments.
NPGR035,Mgr. Matúš Goliaš,cvičení,17.02.2024,1. ročník,Computer Science,The assistant was very helpful and always answered in short manner.
NPGR035,"doc. RNDr. Elena Šikudová, Ph.D.",cvičení,17.02.2024,1. ročník,Computer Science,The professor was available to answer any questions.
NPGR035,"doc. RNDr. Elena Šikudová, Ph.D.",přednáška,15.02.2026,4. ročník,Informatika,Veľmi dobre vysvetlené a zrozumiteľné prednášky.
NPGR035,"doc. RNDr. Elena Šikudová, Ph.D.",přednáška,12.02.2026,1. Ročník,Computer Science,Elena was a great teacher! She prepared the lectures in detail and was always nice to talk to.
NPGR035,"doc. RNDr. Elena Šikudová, Ph.D.",přednáška,07.02.2025,3. ročník,Computer Science,"The teacher seems nice and is fair on the exams. However, the main teaching for the English group was by prerecorded lectures from slides. This was fine, but sometimes the content was not explained in much detail, probably due to time."
NPGR035,,cvičení,12.02.2026,1. Ročník,Computer Science,"If you are not pretty familiar with python and some of the libraries already, the lab classes are a bit hard to follow. I think making jupyter notebooks with detailed step by step explanations could help future students."
NPGR035,,cvičení,08.02.2025,3. ročník,Computer Science,"Great refresher+ course on machine learning techniques and more detailed data processing techniques useful not only in comp. vision. The practicals, along with the homework, are where the practical coding for the course is done."
NPGR035,,přednáška,12.02.2026,1. Ročník,Computer Science,"Overall, it was a really nice course, really well organized."
NPGR035,,přednáška,07.02.2025,3. ročník,Computer Science,Great refresher+ course on machine learning techniques and more detailed data processing techniques useful not only in comp. vision
NPGR035,,přednáška,02.02.2025,1. ročník,Informatika - Umělá inteligence,Super predmet.
NPGR002,"prof. Ing. Jan Flusser, DrSc.",přednáška,15.02.2026,3. ročník,Informatika,"Má pár svých quirks, ale rozhodně není třeba se ho bát - u zkoušky si rád popovídá, ale ve finále je strašně hodný. Na přednášce sem tam hodí otázku do publika a snaží se vnímat, jestli se chytáme nebo ne, což oceňuji, plus i přes nesprávnou odpověď má člověk pocit, že vlastně se skoro trefil, protože to tak pan profesor podá a navede jej na tu opravdu správnou odpověď. Dává super zážitky z praxe - určitě doporučuji přednášky navštěvovat. TBH dost možná se jedná o jedinou přednášku, kterou jsem letos vydrželanavštěvovat od začátku až do konce."
NPGR002,"prof. Ing. Jan Flusser, DrSc.",přednáška,12.02.2026,3. ročník,Informatika,"Vyučujúci sa snažil látku vždy dobre odprednášať, bolo vidno, že ho to naozaj zaujíma a baví. Bez problémov odpovedal na otázky a vysvetlil učivo znovu. Trochu mi chýbali k tomu nejaké materiály pri príprave na skúšku. Pokiaľ si niekto nepíše poznámky na hodine, tak sa to potom horšie učí, lebo k dispozícii sú iba prezentácie z hodiny, kde učivo nie je vysvetlené (sú to vyložene iba prezentácia s ukážkami a vzorcami -treba dávať neustále pozor). Existujú aj nejaké skriptá (autor Filip Lorenc), ktoré ako tak odpovedajú preberanej látke, ale nie je to úplné. Na skúške, keď niečo viete, tak sa snaží pomôcť a naviesť vás na správnu odpoveď."
NPGR002,"prof. Ing. Jan Flusser, DrSc.",přednáška,16.02.2025,2. ročník,Obecná matematika,"Po prvej prednáške bolo jasné že profesor Flusser sa v téme orientuje, snaží sa odovzdať porozumenie študentom, čo sa mu darí. Často vysvetľuje dôležité koncepty aj 20 minút aby to pochopil aj sprostý a iným konceptom sa venuje len okrajovo, nenechá sa zahltiť technickými detailami, tento prístup mi vyhovoval. Občas je nepríjemný, možno trochu povýšený nad svojimi študentami keď robia niečo čo sa mu nepáči. Okrem tejto osobnej roviny je ale vynikajúci prednášajúci."
NPGR002,"prof. Ing. Jan Flusser, DrSc.",přednáška,17.02.2024,3. Ročník,Informatika,"Pútavé výklady, zrozumiteľné vysvetlenia."
NPGR002,"prof. Ing. Jan Flusser, DrSc.",přednáška,02.02.2024,2. ročník,Informatika,Prednáška s človekom ktorý sa naozaj rozumie tomu čo prednáša a aj to vie dobre vysvetliť a ukázať
NPGR002,,přednáška,15.02.2026,3. ročník,Informatika,"Neuvěřitelně zajímavá témata, určitě doporučuji vzít si i doporučovaný seminář (Digitální zpracování obrazu v praxi), aby měl člověk větší možnost osahat si teoretické koncepty i v praxi. Pozor, chybí nějaké smysluplné materiály - přednášející má na stránkách prezentace, které ale nejsou úplně 1:1 ty, ze kterých následně přednáší (tam je občas i netriviální množství slidů navíc), plus se jedná hlavně o obrázky podporující jeho výklad, takže představa, že chybím na přednášce a následně vše doplním pouze z přednášek - v praxi to tak nefunguje. Na wiki se dá něco sehnat, ale i tak doporučuji na přednášky chodit, jednak je to extrémně zajímavé, druhak má přednášející dobrou paměť na obličeje xd, ale hlavně je člověk schopen odnést si opravdu hodně a mít pocit, že tomu rozumí a že je všechno jednoduché. Doporučuji spíš pro 3. bc a výš, protože hodně to stojí na Fourierce, konvoluci a pravděpodobnosti (to jsou nejsložitější části a jsou prostoupeny snad všemi partiemi)."
NPGR002,,přednáška,12.02.2026,3. ročník,Informatika,"Predmet je zaujímavý a nie je moc ťažký. Jediné čo je mínus, že chýbajú poriadne materiály, takže ak nechodíte na prednášky, tak potom sa to ťažko dohľadáva, lebo prezentácie z hodín sú veľmi stručné a obsahujú hlavne obrázky a vzorce bez vysvetlenia."
NPGR002,,přednáška,05.02.2026,3. Ročník,Matematika pro informační technologie,"Zajímavá, spíše prakticky orientovaná přednáška. Ryze ""matematických"" konceptů typu věta-důkaz tady moc nenajdete, jde hlavně o celkové pochopení a nadhled nad jednotlivými koncepty. Zpětně mě mrzí, že jsem dost přednášek vynechal. Celá přednáška je na osobním výkladu dost založená, z materiálů ke kurzu (prezentace) se toho člověk moc nenaučí, je potřeba k tomu slyšet vysvětlení"
NPGR002,,přednáška,16.02.2025,2. ročník,Obecná matematika,"Pre mňa čisto voliteľná prednáška Digitálna Spracovanie Obrazu ma príjemne prekvapila, nevedel som čo od toho čakať, lebo je to predmet pre informatiku (ja študujem matematiku) a hlavne s veľmi jasným zameraním na aplikovanie získaných vedomostí. Prednášky boli veľmi zaujímavé, trvali 2 hodiny ale vždy to ubehlo rýchlo. Učivo bolo jasne prednesené z naozaj veľkým dôrazom na porozumenie myšlienky (miesto rigorozného dokazovania všetkého čo sme používali), teda sme toho stihli na úvodný kurz do témy prebrať veľa a pri všetkom prišiel “aha moment” kedy bolo jasne pochopiteľné prečo nejaký koncept funguje tak ako funguje a prečo je dobrý nápad to tak robiť. Tiež bol veľký dôraz na aplikácie, toto na matfyze moc nevidím tak mi to prišlo zaujímavé, mal som pocit že okrem teórie a algoritmov som sa naučil riešiť určité druhy problémov s ktorými sa človek v profesionálnom živote môže stretnúť. Hlavné nevýhody prednášky sú lokalita (budova ŮTIA ktorá je vzdialená od budov matfyzu) a neexistencia skript alebo nejakých študijnych materiálov (odporúčaná literatúra nepokrýva úplne sylabus prednášky, chýba niečo aktuálne). Nejaké materiály sme dostali vo forme prezentácií ktoré boli na prednáškach použíté, bez prednášky by boli zbytočné pretože tam nie je nič vysvetlené ale pomohli mi pripomenúť si učivo a mal som 1 tak sa asi nemám čo sťažovať :DD"
NPGR002,,přednáška,08.01.2025,3. ročník,Matematika pro informační technologie,"chybi ucebni materialy, vyvesene prezentace jsou hrubě nedostacujici"
NPGR002,,přednáška,17.02.2024,3. Ročník,Informatika,"Veľmi záživné prednášky. Jediné čo mi trochu chýbalo boli materiály k predmetu, detailnejšie než slidy z prezentácií."
NPGR002,,přednáška,17.02.2024,3. ročník,Informatika,škoda že to bolo dost ďaleko
NAIL065,"RNDr. František Mráz, CSc.",přednáška,13.06.2023,1. Ročník,Informatika - Umělá inteligence,"Prednášky boli veľmi kvalitne spracované a dobre sa počúvali/čítali. Bolo vidno, že Pán Doktor sa v danej problematike veľmi vyzná."
NAIL065,,přednáška,13.06.2023,1. ročník,Informatika - Umělá inteligence,"Prednášky boli veľmi kvalitne spracované a dobre sa počúvali/čítali. Bolo vidno, že Pán Doktor sa v danej problematike veľmi vyzná. Jediná vec čo mi trošku vadila, bol fakt, že hodnotenie za svoje domáce úlohy som dostal prakticky deň pred skúškou alebo ráno v deň skúšky, v čom nevidím potom edukačný zmysel domácich úloh."
NMAI061,"prof. RNDr. Jaromír Antoch, CSc.",přednáška,17.08.2024,2. ročník,Bioinformatika,"Moc milý přednášející, který výklad ozvláštňuje příklady a vyprávěním (k tématu)"
NAIL109,"Mgr. Roman Neruda, CSc.",praktická cvičení,09.01.2026,1. Ročník,Informatika - Umělá inteligence,"Donesl bonbony, pernicky a ma skvely humor."
NAIL109,,praktická cvičení,15.02.2026,1. Ročník,Computer Science - Artificial Intelligence,"The topics discussed during the semester were very interesting and both professors have great experience in the area. It is noticeable when they speak, the depth they have in the topic"
NAIL109,,praktická cvičení,09.01.2026,1. Ročník,Informatika - Umělá inteligence,"Velkou cast predmetu zabiraji prezentace ostatnich studentu. Ackoliv obcas zajimave, tolik noveho se z nich clovek nenauci. Temata prochazena jinak jsou podobne jako probirana i na jinych predmetech. Prednes je ale velmi kvalitni, se spoustou vizualizaci a s vtipnymi historkami."
NPFL123,"Mgr. et Mgr. Ondřej Dušek, Ph.D.",cvičení,07.06.2025,3. ročník,Computer Science,"Mr. Dusek was very helpful regarding any questions about the homeworks, and would be understanding regarding the deadlines which is very nice. However, grading would take quite a long time"
NPFL123,"Mgr. et Mgr. Ondřej Dušek, Ph.D.",cvičení,24.07.2024,3. ročník,Informatika,Opravování úkolů bylo ve velkém skluzu
NPFL123,"Mgr. et Mgr. Ondřej Dušek, Ph.D.",cvičení,23.07.2024,3. ročník,Informatika,"Fajn přístup, jenom opravování úkolů trvalo."
NPFL123,"Mgr. et Mgr. Ondřej Dušek, Ph.D.",cvičení,03.06.2023,2. Ročník,Computer Science,Mr. Ondřej Dušek is very supportive teacher.
NPFL123,"Mgr. et Mgr. Ondřej Dušek, Ph.D.",přednáška,27.08.2025,1. ročník,Informatika - Umělá inteligence,"The practicals did not provide much value apart from just explaining the homework assignemnt for the week, which was already described in detail on the course website (which is great)."
NPFL123,"Mgr. et Mgr. Ondřej Dušek, Ph.D.",přednáška,15.08.2025,3. Ročník,Informatika,"Pan doktor Dušek dělá pro studenty absolutní maximum, je to skvělý pedagog a je i skutečným odborníkem na dialogové systémy, takže co víc si vlastně přát. Moc si vážím jeho ochoty a rychlé komunikace."
NPFL123,"Mgr. et Mgr. Ondřej Dušek, Ph.D.",přednáška,07.06.2025,3. ročník,Computer Science,The professor did a great job lecturing and was always open for questions or discussion even after the class.
NPFL123,"Mgr. et Mgr. Ondřej Dušek, Ph.D.",přednáška,23.07.2024,3. ročník,Informatika,Fajn přístup.
NPFL123,,cvičení,19.07.2025,3. Ročník,Informatika,"Tento semestr se na předmět zapsalo nadprůměrné množství studentů a kontrolování pozdějších domácích úkolů trvalo několik měsíců. Bylo proto občas těžké dělat další úkoly bez zpětné vazby ohledně předchozích, protože na sebe navazují, a také hlídat si počet bodů k zápočtu. Nicméně bych řekla, že to ve výsledku vyučující zvládli poměrně dobře a všechno se stihlo."
NPFL123,,cvičení,07.06.2025,3. ročník,Computer Science,"The practicals consisted of the professor giving an overview of the next homework assignment. While they were quite thorough and you would learn a lot by doing them, they were at the same time quite time consuming and at times confusing."
NPFL123,,cvičení,24.07.2024,3. ročník,Informatika,"Domácí úkoly jsou zajímavé, buduje se vlastní chatbot. Většinu času jsem ale bohužel u každého úkolu ztrávil snahou pochopit zadání a vyznat se v celém systému. Samotné programování úkolů už pak bylo většinou poměrně jednoduché."
NPFL123,,cvičení,23.07.2024,3. ročník,Informatika,"Cvičení byla krátká, občas by bylo lepší lépe vysvětlit zadání úkolu."
NPFL123,,cvičení,15.09.2023,4. ročník,Informatika,"Nejtěžší na většině domácích úkolů bylo pochopit zadání. Kvůli tomu jejich vypracování často trvalo zbytečně dlouho. Také bych ocenil, kdyby v poskytnutém kódu byly lépe popsané funkce a jejich očekávané parametry."
NPFL123,,přednáška,15.08.2025,3. Ročník,Informatika,"Výborný předmět, ale také velmi časově náročný. Přednášky jsou zajímavé a zkouška není nikterak složitá, o to více dá zabrat zápočet, kde se v průběhu semestru buduje vlastní dialogový systém. Zadání a celková příprava úloh je ale udělána opravdu pečlivě a věřím, že to muselo dát spoustu práce (včetně jejich oprav). Jak už jsem zmínil, úlohy zabraly spoustu času, nicméně byla to docela i zábava, hodně jsem se toho naučil."
NPFL123,,přednáška,19.07.2025,3. Ročník,Informatika,"Velmi dobré materiály, jsou přístupné nahrávky."
NPFL123,,přednáška,07.06.2025,3. ročník,Computer Science,The course was quite detailed and you will learn a lot about various historical and modern approaches to dialogue systems.
NPFL123,,přednáška,23.07.2024,3. ročník,Informatika,Dost věcí se opakovalo z jiných předmětů.
NPFL097,"RNDr. David Mareček, Ph.D.",přednáška,12.02.2026,1. Ročník,Computer Science,"He was really nice to talk to and approachable. However,I wish he prepared the lectures a bit more and give more intuitive examples for each algorithm."
NPFL097,"RNDr. David Mareček, Ph.D.",přednáška,10.01.2026,1. ročník,Computer Science - Language Technologies and Computational Linguistics,"Professor Mareček did a very good job responding to emails and being timely and fair with grading. Unfortunately, the lectures were less than ideal. They were very math heavy and not explained well, they should be broken down more. Often students would ask the professor a question and he would not know the answer or not be very clear with his answer."
NPFL097,"RNDr. David Mareček, Ph.D.",přednáška,09.01.2026,1. Ročník,Informatika - Umělá inteligence,"Dobry prednes, vstricny pristup."
NPFL097,,cvičení,09.01.2026,1. ročník,Informatika - Umělá inteligence,Cviceni a prednaska byla spojena.
NPFL097,,cvičení,11.02.2025,1. ročník,Informatika - Jazykové technologie a počítačová lingvistika,Cvičení jsou ve vhodném rozsahu a vhodnou formou. Úkoly skvěle doplní znalost z přednášek.
NPFL097,,přednáška,12.02.2026,1. Ročník,Computer Science,"The lectures were a bit hard to follow since there were just tons of formulas on the slides, I wish they focused on the main concepts first and then introduce the math. However, I am pretty happy with the course overall, the final exam did not require math formulas either to pass."
NPFL097,,přednáška,10.01.2026,1. ročník,Computer Science - Language Technologies and Computational Linguistics,"I found the information in this course very dense but useful. I appreciate how the topics were ordered, building off of each other."
NPFL097,,přednáška,09.01.2026,1. Ročník,Informatika - Umělá inteligence,Zajimava temata. Ocenuji ukazky pouziti prezentovanych metod
NPFL097,,přednáška,11.02.2025,1. ročník,Informatika - Jazykové technologie a počítačová lingvistika,"ÚFAL (a obecně celý Matfyz) potřebuje víc lidí, jako je pan doktor Mareček! Velmi oceňuju, že jste si vzal téma, která se jinde neprobírá a velice srozumitelně jste jej představil. Mých pár drobných výhrad k jinak skvělému kurzu: - Clustering se probírá i na jiných kurzech, tedy si myslím, že věnovat mu méně pozornosti by neuškodilo - Na můj vkus někdy až moc matematické a příliš velké detaily. Myslím, že např. intuice za Gibbs sampling byla vysvětlená skvěle, ale třeba chybělo zdůraznit, kde vlastně to Collapsed Gibbs sampling v tom LDA je. V tomhle duchu si myslím, že jsme strávili moc času s beta a Dirichletovou distribucí, ale zase jsem je již znal s PaSt 2, což jiní nemuseli. Byl bych rád, kdyby na Matfyzu byly kurz/y, které se více zabývají tématy: 1) Bayesovská statistika, Bayesovská inference 2) Mechanistická interpretabilita (sparse auto-enkódery)"
NPFL099,"Mgr. et Mgr. Ondřej Dušek, Ph.D.",přednáška,11.02.2025,1. ročník,Informatika - Jazykové technologie a počítačová lingvistika,"Pan dr. Dušek většinu věcí moc pěkně vysvětlil. Některé věci jsou občas moc rychle, ale to je pochopitelné vzhledem k rozsáhlému obsahu kurzu. Velice oceňuju, že se snažíte prezentovat a předat nejnovější poznatky!"
NPFL099,"Mgr. et Mgr. Ondřej Dušek, Ph.D.",přednáška,06.01.2024,1. ročník,Computer Science - Language Technologies and Computational Linguistics,The lecturer seems to be experienced in the discussed topics and literate in the variety of existing projects. Responsive and eager to teach students something new or clarify some ambiguous aspects of the presented matters.
NPFL099,,přednáška,11.02.2025,1. ročník,Informatika - Jazykové technologie a počítačová lingvistika,"Statistické dialogové systémy pro mě byly velice milým překvapením! Čekal jsem, že budou podobně nezáživné jako NPFL123 Dialogové systémy, nicméně pan dr. Dušek na tomto kurzu prezentuje spoustu konkrétních a zajímavých nejnovější poznatků a zabývá se méně obecnými tématy než na NPFL123. Někdy mě mrzí, když se k obecným tématům, jako těm pokrytými NPFL123 a Deep learningy (NPFL138/139), vracíme. Nemyslím si, že snažit se dělat kurz nezávislým na ostatních předmětech je dobrá snaha, ale to je už na zvážení pana dr. Duška. I přesto si myslím, že kurz je skvělý, a byl bych rád, kdyby na ÚFALu a Matfyzu bylo víc kurzů jako tento."
NPFL099,,přednáška,06.01.2024,1. ročník,Computer Science - Language Technologies and Computational Linguistics,"Informative overview of the dialog systems, including current year paper references. Course material is of current interest and covers recent developments. Brief and moderately deep dive into chatbots and other interactive systems."
NPFL099,,seminář,11.02.2025,1. ročník,Informatika - Jazykové technologie a počítačová lingvistika,"Velice oceňuju, že pan dr. Dušek se snaží dělat úkoly relevantní a velice aktuální. Myslím si, že kdyby úkoly byly formou volného projektu místo šablon, tak by to bylo jednodušší jak pro pana doktora, tak i pro mě. Měl jsem pocit, že značná část mého času byla strávena snahou porozumění šabloně, detailům požadavků a snahou napasovat řešení na šablonu. Nicméně to vnímám jako drobný zádrhel způsobený neustálým vývojem úkolů a jsem velice rád, že pan doktor Dušek se kurzu a jeho náplni velmi aktivně a úspěšně věnuje!"
NAIL106,"Mgr. Roman Neruda, CSc.",přednáška,28.05.2023,1. ročník,Computer Science - Theoretical Computer Science,"The professor is really prepared in the subject and is able to keep high the attention thanks to the examples he provides, making jokes, etc. The professor is always available to answer questions after the lecture, however, it is rare to have him to reply to the emails. The number of credits is perfectly fine with the materials covered."
NAIL106,"doc. Mgr. Martin Pilát, Ph.D.",cvičení,13.06.2023,1. Ročník,Informatika - Umělá inteligence,Cvičenia s Pánom Doktorom boli zaujímavé a veľmi dobre dopĺňali prednášky.
NAIL106,"doc. Mgr. Martin Pilát, Ph.D.",cvičení,29.05.2023,1. ročník,Informatika - Vizuální výpočty a vývoj počítačových her,"Učitel je skvělý. Všechno vysvětluje, aby to každý pochopil, kdyžtak se vrací zpátky a dovysvětluje. Rozumí všemu co vysvětluje a rychle dokáže i poradit v kodu."
NAIL106,,cvičení,29.05.2023,1. ročník,Informatika - Vizuální výpočty a vývoj počítačových her,"Předmět je dobrý, navazuje i na některé ostatní předměty např. plánování v určitém smyslu. Některé ukoly jsou dělány formou soutěže mezi ostatníma což je skvělý způsob jak se více snažit při dělání úkolu a jeho finální verzí v žebříčku z ostatníma"
NPGR036,Mgr. Matúš Goliaš,cvičení,12.09.2025,4. ročník,Informatika,"Velmi ochotně odpovídal na dotazy, hezky vedl cvičení."
NPGR036,Mgr. Matúš Goliaš,cvičení,28.05.2025,3. Ročník,Informatika,"Pan magistr velice dobře představuje všechny úlohy, pomáhá s implementací a rychle reaguje na dotazy na místě i online."
NPGR036,Mgr. Matúš Goliaš,cvičení,15.09.2023,3. Ročník,Informatika,Snažil se pomoct a poradit
NPGR036,Mgr. Matúš Goliaš,cvičení,10.09.2023,2. ročník,Informatika,"Na cvičeniach, na ktoré som zo začiatku chodil, mi prišli úlohy trochu náročné. Možno by som popri výpomoci prijal aj ukážkové riešenia aspoň niektorých úloh na konci cvičení."
NPGR036,"doc. RNDr. Elena Šikudová, Ph.D.",cvičení,15.09.2023,3. Ročník,Informatika,Nebyla tak přítomná
NPGR036,"doc. RNDr. Elena Šikudová, Ph.D.",přednáška,12.09.2025,4. ročník,Informatika,Paní docentka má hezky připravené přednášky. Vytváří milou příjemnou atmosféru během přednášek.
NPGR036,"doc. RNDr. Elena Šikudová, Ph.D.",přednáška,28.05.2025,3. Ročník,Informatika,Paní docentka skvěle vysvětluje danou problematiku a reaguje na dotazy.
NPGR036,"doc. RNDr. Elena Šikudová, Ph.D.",přednáška,15.09.2023,3. ročník,Informatika,Ochotná přednášející
NPGR036,"doc. RNDr. Elena Šikudová, Ph.D.",přednáška,10.09.2023,2. ročník,Informatika,Skvelé prednášky.
NPGR036,,cvičení,12.09.2025,4. ročník,Informatika,Hezky postavené cvičení se zajímavými úlohami na procvičení v pythonu. Navazuje dobře na přednášku. Domácí úlohy byly přiměřeně náročné.
NPGR036,,cvičení,28.05.2025,3. Ročník,Informatika,Cvičení dokonale vybírá úlohy zmíněné na přednášce k samostatnému naprogramování. Templaty k tomu jsou skvěle připravené.
NPGR036,,cvičení,15.09.2023,3. Ročník,Informatika,Není tolik přínosné
NPGR036,,cvičení,10.09.2023,2. ročník,Informatika,Dokázal som sa obísť aj bez cviční.
NPGR036,,přednáška,12.09.2025,4. ročník,Informatika,"Velmi zajímavý předmět, který představuje zajímavé problémy z oblasti počítačového vidění. Hezky se zde ukazuje teoretická stránka problému a jeho řešení pomocí lineární algebry či matematické analýzy (nebo obou)."
NPGR036,,přednáška,28.05.2025,3. Ročník,Informatika,"Předmět krásně shrnuje obor jako takový, vysvětluje od základu vše, co je k pochopení třeba. Jediný problém vidím v jednolitosti prezentace, se kterou občas nastává problém ztracení se v aktuálním tématu."
NPGR036,,přednáška,15.09.2023,3. ročník,Informatika,Ne úplně tak přínosné
NPGR036,,přednáška,10.09.2023,2. ročník,Informatika,"Predmet akurátne zachytáva témy, ktorým sa venuje."
NDBI048,"doc. RNDr. Irena Holubová, Ph.D.",cvičení,14.01.2026,1. Ročník,Informatika - Softwarové a datové inženýrství,Vedli spíše lidé z Profinit.
NDBI048,"doc. RNDr. Irena Holubová, Ph.D.",přednáška,14.01.2026,1. Ročník,Informatika - Softwarové a datové inženýrství,Přednášeli spíše lidé z Profinit.
NDBI048,"doc. RNDr. Irena Holubová, Ph.D.",přednáška,16.02.2025,1. Ročník,Informatika - Softwarové a datové inženýrství,Oceňuji vstřícné hodnocení zkoušky a data reportu.
NDBI048,"doc. RNDr. Irena Holubová, Ph.D.",přednáška,27.01.2025,2. ročník,Informatika - Softwarové a datové inženýrství,"Vše v pořádku, zkouška byla tak optimálně těžká, přednášky byly dobré."
NDBI048,,cvičení,15.02.2026,1. ročník,Informatika - Umělá inteligence,"Ocenil by som viac než len samostatnú prácu na zadaniach počas cvičení, čo ani až tak nenadväzovalo na finálny projekk."
NDBI048,,cvičení,14.01.2026,1. Ročník,Informatika - Softwarové a datové inženýrství,"Je určitě žádoucí vyzkoušet si některé praktiky prakticky a cvičení jsou dobře konstruována, je přikládáno i řešení, podle kterého se můžete řídit. Cvičící byli často aktivní a ochotní pomáhat, což je velké plus."
NDBI048,,cvičení,27.01.2025,2. ročník,Informatika - Softwarové a datové inženýrství,"Cvičení probíhala s externími osobami, v zásadě to bylo často dost extenzivně připravené, že se ani vše nedalo stíhat. Projekt byl ohodnocený férově a kdo si s ním dal práci, určitě dostal zápočet."
NDBI048,,přednáška,31.01.2026,1. Ročník,Informatika - Softwarové a datové inženýrství,"Jedná se za mě o velmi dobře postavený předmět - docela mě vtáhl do světa práce s daty. Hodnotím zde, protože v anketě nejsou žádné otázky k ohodnocení."
NDBI048,,přednáška,14.01.2026,1. ročník,Informatika - Softwarové a datové inženýrství,"Předmět je zajímavý, bohužel jsem neměl moc času chodit na přednášky ani cvičení. Řekl bych ale, že zkouška může mít různou obtížnost: můžete mít test s minimem znalostech o modelování, nebo test který skoro úplně vynechává BU, DU a DP z CRISP-DM a místo nich jsou tam otázky hlavně o modelování."
NDBI048,,přednáška,27.01.2025,2. ročník,Informatika - Softwarové a datové inženýrství,"Přednášky byly docela zajímavé, líbilo se mi střídání vyučujících, alespoň to nebylo monotónní. Co bych do příště vynechal a přišlo mi navíc, jsou přednášky o technologiích a big data - jsou sice dobře připravené, ovšem technologie je stejně nutné si spíš vyzkoušet namísto seznamu metod v Pandas; u big data přednášky je tam docela překryv s jinými předměty (MDS apod)."
NAIL004,"prof. RNDr. Roman Barták, Ph.D.",seminář,09.01.2025,1. ročník,Informatika - Umělá inteligence,"Extremely friendly teacher, handled everything well, was friendly."
NAIL004,"prof. RNDr. Roman Barták, Ph.D.",seminář,03.01.2024,1. ročník,Computer Science - Theoretical Computer Science,Professor allowed us to discuss topics we found interesting. Having his perspective on some problems with AI was very valuable.
NAIL004,,seminář,09.01.2025,1. ročník,Informatika - Umělá inteligence,"I really enjoyed this! The debates and paper presentations really help the soft skills, which I think are invaluable for AI specifically, to communicate with people. If anything, extremely underrated."
NAIL004,,seminář,20.01.2024,2. ročník,Informatika,"Předmět je spíše povídací. Člověk si hezky procvičí angličtinu, ale pokud vás zajímá spíše technická stránka, tak se unudíte k smrti. Témata byla na druhou stranu hezky vybrána, takže mi to ve výsledku tak moc nevadilo."
NAIL004,,seminář,10.01.2024,4. Ročník,Informatika,"Oxford debates were mostly unproductive. It might be useful training for politicians, but it does not seem to clarify the questions in the sense that participants/observers would walk away with a better understanding of the world. Mostly it devolves into bad arguments from both sides where no debater can revise their mind because they're not truth-seeking but advocating. Hackathons were more useful."
NAIL004,,seminář,10.01.2024,1. Ročník,Informatika - Umělá inteligence,Fajn předmět. Na začátku jsme měli možnost ovlivnit (navrhnout) reálnou podobu. Následně jsme se účastnili jednotlivých diskuzí a minihackathonů. Každý se musel jako debatující účastnit aspoň jedné diskuze a na hackathonech jsme v týmech vymýšleli řešení problémů. Je to dobrý oddech a zároveň super studnice nápadů například na budoucí projekty.
NAIL004,,seminář,03.01.2024,1. ročník,Computer Science - Theoretical Computer Science,Course gave us a chance to brainstorm on important topics and situations related to AI in today's society. Great course!
NPFL118,"Mgr. Martin Popel, Ph.D.",cvičení,22.01.2026,1. ročník,Computational linguistics,"Martin's lectures were also helpful, he guided us through the websites, the configurations and the bureacratic part of the onboarding procedure."
NPFL118,"Mgr. Martin Popel, Ph.D.",cvičení,04.01.2024,1. Ročník,Computational linguistics,"Martin explained everything really well and took his time to answer questions. Without him, half of my accounts probably wouldn't work. His tour of the MS building was great."
NPFL118,"Mgr. Rudolf Rosa, Ph.D.",cvičení,04.01.2024,1. Ročník,Computational linguistics,Ruda explained everything really well and took a lot of time to answer additional questions and talk about his own PhD experience.
NPFL118,"RNDr. Milan Straka, Ph.D.",cvičení,22.01.2026,1. ročník,Computational linguistics,"Milan is an extremely interactive person, he managed to transmit it exactly what is needed in order for us both to solve the exercises and use the cluster individually."
NPFL118,"RNDr. Milan Straka, Ph.D.",cvičení,04.01.2024,1. Ročník,Computational linguistics,Milan explained everything really well and took his time to answer questions and help with the assignments. His Slurm reference helped a lot with my first experiments on the CPU and GPU clusters.
NPFL118,,cvičení,22.01.2026,1. ročník,Computational linguistics,"It is one of the most important courses for a PhD student. It intergated us into university's cluster, with interactive exercises and transcription of the whole lecture in order for us to go back to it."
NPFL118,,cvičení,04.01.2024,1. Ročník,Computational linguistics,"Generally, a good and detailed introduction to the UFAL infrastructure and pointers to important resources. Almost no questions were left open after the 3 days, but maybe it is too detailed. 2 entire days were spent reading Wiki pages, which was tiring. However, PhD students should be able to understand most of the sections by themselves. For example, an additional meeting was supposed to be scheduled for Biblio, but the system is self-explanatory and everyone finished the checklist anyway. I suggest putting the greatest focus on the Linux network and the topics related to the checklist while going into less detail otherwise. Perhaps, some of the more self-explanatory sections can be left as homework, and a Q&A meeting can be scheduled instead of a reading meeting. The Slurm and Spark assignments were quite fun, but the grading was a bit too nitpicky at times. Since I immediately started my own PhD-topic-related experiments on the cluster, I would have liked to scrap 1 or 2 of the assignments because they took more time than necessary without giving me a real benefit."
NAIL087,,cvičení,15.02.2026,1. ročník,Informatika - Umělá inteligence,"Škoda, že na poslednom cvičení nebolo možné konzultovať projekt a neskôr nám potom za riešenie boli strhnuté body."
NAIL087,,přednáška,09.02.2026,2. Ročník,Informatika - Diskrétní modely a algoritmy,"Bohužel musím konstatovat, že přednáška nebyla pojata způsobem, který by mi přišel příliš kvalitní. Vyučující chrlil jedno téma za druhým, rychlý výklad doplňoval neorganizovanými výpočty na tabuli a celkově bylo velmi těžké si z přednášek něco odnést. Zachraňovala to literatura, ze které byla písemka, z té jsem si odnesl spoustu zajímavých vědomostí. Myslím, že by přednášce prospělo zklidnění tempa a jisté formalizování výkladu. Zajímavé byly naopak přednášky hostujících speakerů a vyhovovala mi i organizace předmětu, kdy student dostane kombinovanou známku za písemku v průběhu semestru a závěrečný projekt, který byl velmi zajímavý. Samotná písemka bohužel obsahovala otevřené otázky, které mi přišly těžko srozumitelné a ambivalentně položené, a přestože jsem měl pocit, že látku dobře ovládám a jsem na písemku připravený, jednu celou otázku jsem špatně pochopil (v čemž jsem dle slov vyučujícího nebyl sám) a dostal tak z písemky trojku. Možná jsem deformovaný ze svého teoretičtějšího zaměření (předmět jsem měl jako volitelný), celkový dojem z předmětu bych ale shrnul slovy neformálnost, neukotvenost a nesrozumitelnost."
NAIL087,,přednáška,04.02.2025,1. ročník,Computer Science - Theoretical Computer Science,"A very interesting course, very interesting topic. It is quite easy to understand and inspiring, while not being too simplified. Some of the lectures I would not fully comprehend without reading a book chapter, but the book is rather short, very well-written, and it was not a problem to read it. The tutorials were not very useful, because they were just about doing some assignments on our own. The tutor was there and could help in case of problems, but did not explain anything in advance."
NMAI165,"prof. RNDr. Jaromír Antoch, CSc.",cvičení,09.02.2026,1. ročník,Obecné otázky matematiky a informatiky,"Vyučující byl velmi ochotný, dokázal předmět propojit s dalšími oblastmi matematiky i s příběhy z reálného života a bylo patrné, že ho výuka baví."
NMAI165,,cvičení,09.02.2026,1. ročník,Obecné otázky matematiky a informatiky,"Příklady byly opravdu velmi zajímavé, občas náročné."
NOPT046,"prof. Mgr. Milan Hladík, Ph.D.",cvičení,16.06.2024,3. ročník,Informatika,"Výborná cvíčení, která mi vždy pomohla pochopit látku z přednášky, včetně zajímavých úkolů. Jediné, co bych možná uvítal, by byl trochu praktičtější pohled na některé optimalizační úlohy, než pouhé nalezení optima z mého pohledu náhodně vybrané funkce."
NOPT046,"prof. Mgr. Milan Hladík, Ph.D.",přednáška,16.06.2024,3. ročník,Informatika,Pan profesor Hladík je výborný a přátelský přednášející. Velice oceňuji skvěle napsaná skripta ke spojité části. Nemám co vytknout.
NOPT046,"prof. RNDr. Martin Loebl, CSc.",cvičení,03.09.2025,3. Ročník,Informatika,introduced great problems to think about
NOPT046,"prof. RNDr. Martin Loebl, CSc.",cvičení,13.07.2025,3. ročník,Informatika,"Narozdíl od přednášky pan Loebl vedl cvičení výborně. Oceňuji možnost prezentovat řešení u tabule a ochotu cokoliv nejasného vysvětlit. Příklady byly dobře zvolené. Vyhovovala mi obtížnost a byly zajímavé. Také oceňuji, že nás pan Leobl upozorňoval na různé chyby v argumentaci u tabule."
NOPT046,"prof. RNDr. Martin Loebl, CSc.",cvičení,16.06.2024,3. ročník,Informatika,"Výborná cvičení, která mi pomohla pochopit látku z přednášky."
NOPT046,"prof. RNDr. Martin Loebl, CSc.",přednáška,03.09.2025,3. Ročník,Informatika,"I see his passion in teaching tutoring and lecturing. He kind of lives for it. Nevertheless the clarity of the lectured material is not so great in my opinion. Maybe it was just me but I had to sit down quietly and study the material numerous times, that was kind unordinary. I understand why is he so pedant, he claims it says whether person understands the topic or not. Of course thats true, but sometimes connecting the dots, apart from the lectures itself, is more important and should be given greater glimpse at the exam. Problem is that it cannot be easily recognized but maybe a 5mins talk with the person being examined would actually satisfy both ends and could have a significant grade value lets say. Responds to emails promptly and really is helpful for students that ask."
NOPT046,"prof. RNDr. Martin Loebl, CSc.",přednáška,13.07.2025,3. ročník,Informatika,"Přednášky pana Loebla mě vcelku moc neoslovily. Konkrétně se mi však líbilo, že pan Loebl občas pověděl i nějakou zajímavost navíc a bylo tedy vidět, že je pro téma nadšený. Na druhou stranu zápis na tabuli byl velmi nepřehledný a často nepříliš čitelný. Přednes na mě celkově působil pouze jako strohé opisování poznámek než jako vysvětlování vlastními slovy."
NOPT046,"prof. RNDr. Martin Loebl, CSc.",přednáška,16.06.2024,3. ročník,Informatika,"Pan profesor Loebl je výborný přednášející. Oceňuji přátelský přístup a velmi poutavé přednášky, které jsou často doplněny o zajímavý kontext. Jediné, co bych uvítal, je dostupnost materiálů k diskrétní části. Jako zdroj pro samostudium byly poskytnuty rukou psané poznámky, ale hůře se v nich orientuje a většina důkazů je sepsána velmi zkratkovitě."
NOPT046,"prof. RNDr. Martin Loebl, CSc.",přednáška,07.06.2023,3. Ročník,Informatika,"Pan profesor věcem velmi rozumí a mile mě překvapil nabídkou, že bude přednášet o tom, co nás zajímá, takže jsme si mohli zvolit téma z diskrétní optimalizace vlastně na přání. Bohužel jsem si na předmět nenašel čas, a tak jsem ani nabídky nevyužil. Výklad byl místy zmatený a ocenil bych ještě trochu více příkladů (např u submodulárních funkcí). Zároveň je třeba si dát pozor na to, že poskytnuté poznámky jsou opravdu poznámky pro vyučijícího, takže spousta věcí je v nich zapsána extrémně zkratkovitě a je lepší si udělat vlastní. Jinak nastávají momenty, kdy se snažíte vzpomenout jak nějaký složitý důkaz z přednášky fungoval, podíváte se do poznámek a v těch se dočtete jen ""proof: simple"" :D"
NOPT046,"doc. Hans Raj Tiwary, M.Sc., Ph.D.",cvičení,03.09.2025,3. Ročník,Informatika,introduced great problems to think about
NOPT046,"doc. Hans Raj Tiwary, M.Sc., Ph.D.",cvičení,13.07.2025,3. ročník,Informatika,"Pěkné cvičení. Líbilo se mi, jak pan Tiwary vysvětloval řešení. Také opět oceňuji možnost řešit příklady u tabule."
NOPT046,"doc. Hans Raj Tiwary, M.Sc., Ph.D.",cvičení,09.06.2023,3. ročník,Informatika,"The tutorials were interactive, requiring us to solve a problem in front of the whole class."
NOPT046,"doc. Hans Raj Tiwary, M.Sc., Ph.D.",přednáška,03.09.2025,3. Ročník,Informatika,"Hans is really a great professor, the topic he lectures is crystal clear and is capable of answering any questions regarding anything."
NOPT046,"doc. Hans Raj Tiwary, M.Sc., Ph.D.",přednáška,13.07.2025,3. ročník,Informatika,"Spojitá část byla panem Tiwarym přednášena velmi pěkně. Sice opět na tabuli bylo psáno v podstatě to samé, co je ve skriptech, ale přišlo mi, že to pan Tiwary doprovodil srozumitelným a poutavým výkladem."
NOPT046,"doc. Hans Raj Tiwary, M.Sc., Ph.D.",přednáška,09.06.2023,3. ročník,Informatika,Mr. Tiwary was excellent; he really focused on helping us understand the topic.
NOPT046,"doc. Hans Raj Tiwary, M.Sc., Ph.D.",přednáška,07.06.2023,3. Ročník,Informatika,"I believe Hans is an excellent teacher with a talent for explaining concepts clearly. He consistently ensured our comprehensive understanding of the material. His focus was less on detailed proofs and more on conveying core ideas, which I appreciated. The ease of the exam took me by surprise, given that the experience from practicals was that Hans can be quite demanding. The examination required only solving a straightforward problem and stating a theorem."
NOPT046,,cvičení,03.09.2025,3. Ročník,Informatika,"I either struggled (continuous) or it was a breeze (discrete) as we kind of covered half of the topic at kombagra2. Requirements are fairly easy. I had to leave 20mins early every time (due to the P.E lessons) and havent had the chance to really hear the explanation, but i believe it would be far better. 5-6 problems at the start of the tutorial has been written at board and we tried to solve them in groups/alone. It was quite nice but not really. It had strange vibe for some reason. I dont really suggest this if you dont have buddies there."
NOPT046,,cvičení,13.07.2025,3. ročník,Informatika,"Ocenil bych, kdyby zadání příkladů na cvičení byly buď předem vytištěné nebo alespoň dostupné na internetu, abych si ho nemusel ručně přepisovat do elektronických poznámek. Příklady však byly hezké a obohacující."
NOPT046,,přednáška,03.09.2025,3. Ročník,Informatika,"this course was one big insane pull-up and it survived numerous comebacks that nobody is aware of. I haven't had analysis2 and passed analysis1 with klazar... Additionally I haven't had LP exam before this one => making continuous part feeling like I neglected a year at uni, well that probably even happened as I have done this in the sophomore - many people I met were already finishing bc thesis and claiming this was not really a breeze. Continuous part was, let's say educative. Luckily we didn't prove fundamentals as intersection of 2faces is still a face. Jensens inequality was my favorite and KKT beyond possibility of comprehension but I enjoyed all of that. Many people pay money to have the ability to understand some complex system and oftentimes searching on steam + paying in hundreds, whereas NOPT046 provides just as good and isn't useless (utility should serve as motivation, in my case it serves as necessary condition). I managed to get by this with hand of god, but the discrete part was kind of a deal. The exam was kind of frustrating and I had to use my 3rd shot during the summer, had to take some days off from work and cancel some appointments. Not as educative as kombagra2 since it was only a half semester but the learning curve definitely was steep. Learning about matroids was time well spent. I figured not so many people have heard of them despite its usage and great appliance. I even made a lecture about matroids at math camp for highschoolers, only 2/30 came but they really liked it so idk what to conclude. Don't get fooled by the sis statistics. It really is harder than it seems. Appliance in real life is definitely in trading, quantitative analysis and in it's code implementation. It is optimization hence in any greater linear programs that are suffering from being np can be greatly supported. One big problem this course had (in regards to discrete part) was that even if one had notes from 4different people and profesor himself, each and everyone one had different depth of knowledge in various topics, making it not 6 lectures but 8easily. the whole course seems as if it doesn't makes any sense and the topics are unrelated but once certain dots are connected learning becomes some sort of drug."
NOPT046,,přednáška,13.07.2025,3. ročník,Informatika,"Téma diskrétní části bylo zajímavé. Nesednul mi však způsob, kterým byla přednáška vedena. Chyběla přehledná skripta."
NOPT046,,přednáška,07.06.2023,3. Ročník,Informatika,"Pěkný průřez optimalizací. Myslím, že je dobré si předmět zapsat jen pokud vás optimalizace opravdu zajímá. Spousty zajímavých témat se látka jen dotkne a pokud si člověk nestuduje bokem, může mít na konci pocit, že to nebylo příliš ucelené."
NAIL021,"prof. RNDr. Ondřej Čepek, Ph.D.",přednáška,06.01.2026,1. Ročník,Informatika - Teoretická informatika,"Výborně vyučoval celý předmět, není co vytknout, zkouška férová, všechny otázky během semestru byli zodpovězeny a jako bonus byl přednes velmi poutavý i když tomu čas přednášky nepomáhal."
NAIL021,,přednáška,06.01.2026,1. Ročník,Informatika - Teoretická informatika,"Přehledový předmět, dobře zvolená posloupnost témat, není na co si stěžovat"
NOPT021,Mgr. Radovan Haluška,cvičení,12.02.2026,2. ročník,Informatika - Umělá inteligence,Approachable and flexible when it comes to scheduling exam dates.
NOPT021,,přednáška,12.02.2026,2. ročník,Informatika - Umělá inteligence,"Great hands-on subject. I really liked that we had to implement most of the algorithms. Previously, I took another game theory class, but I don't remember much from it probably because we weren’t asked to implement anything and it was more theoretical. That’s why I enjoyed this course quite a bit. The second part of the homework assignments is bit more demanding, but I think it’s appropriate, given that the exam mostly involves explaining your homework solutions to one of the teachers."
NOPT021,,přednáška,16.02.2025,2. ročník,Informatika - Umělá inteligence,"Předmět je ještě hodně mladý a bylo to znát třeba na chybách v prezentaci, nicméně i tak byl super. Věřím, že to se za pár let vychytá. Zamyslel bych se trochu nad systémem domácích úkolů. Myslím si, že největší překážkou bylo to, že jsem se s tak otevřeným přístupem ještě nesetkal. Komunikace i pomoc byla ale parádní. Možná by stálo za zvážení dát jako alternativu ke splnění předmětu zkoušku."
NDBI021,"doc. Mgr. Ladislav Peška, Ph.D.",přednáška,11.02.2026,3. ročník,Informatika - Softwarové a datové inženýrství,"Vyučující je velmi vstřícný a sympatický, všechno umí dobře vysvětlit. Byly to moje nejoblíbenější hodiny."
NDBI021,"doc. Mgr. Ladislav Peška, Ph.D.",seminář,06.02.2026,4. ročník,Informatika,"Pán Peška má veľmi priateľský prístup. Prednášky aj cvičenia sú vedené príjemným, a zároveň náučným spôsobom."
NDBI021,,přednáška,11.02.2026,3. ročník,Informatika - Softwarové a datové inženýrství,"Výborný a zajímavý předmět, který učí nejnovější poznatky v oboru a podporuje diskusi."
NDBI021,,přednáška,16.02.2025,3. ročník,Informatika,Super zajímavý předmět:)
NDBI021,,seminář,06.02.2026,4. ročník,Informatika,Predmet je veľmi zaujímavý a pekne nadväzuje na nswi166.
NSWI166,"doc. Mgr. Ladislav Peška, Ph.D.",cvičení,29.06.2024,1. ročník,Informatika - Softwarové a datové inženýrství,"Stejně jako u přednášky, vše v pořádku a neměl jsem jediný problém."
NSWI166,"doc. Mgr. Ladislav Peška, Ph.D.",přednáška,07.09.2025,2. ročník,Informatika - Softwarové a datové inženýrství,"Vyučujícího předmět opravdu zajímá a baví, což se na výuce pozná. Je lidsky příjemný a vždy pomůže nebo vysvětlí. Buďte připraveni na interakci, ale mně aktivizace a opakování pomáhaly držet krok s výkladem. Férová zkouška."
NSWI166,"doc. Mgr. Ladislav Peška, Ph.D.",přednáška,23.06.2025,1. ročník,Informatika - Softwarové a datové inženýrství,Skvělý přednášející.
NSWI166,"doc. Mgr. Ladislav Peška, Ph.D.",přednáška,31.07.2024,1. ročník,Computer Science - Theoretical Computer Science,The requirements for the final exam and the organization behind the exam itself were not clear at all.
NSWI166,"doc. Mgr. Ladislav Peška, Ph.D.",přednáška,29.06.2024,1. ročník,Informatika - Softwarové a datové inženýrství,"Fajn vyučující, vždy ochotný, se zájmem o předmět i tematiku obecně."
NSWI166,,cvičení,29.06.2024,1. ročník,Informatika - Softwarové a datové inženýrství,"Cvičení se mi velmi líbila v tom, že jsme celých 90 minut opravdu něco dělali a neseděli jen na místě - často jsem úkoly stíhal dodělat na místě s minutovou rezervou a opravdu jsem se nenudil :) Vytýkám jedinou věc, a to je poměr kredity/práce. Studenti musí chodit na cvičení, dále z nich odevzdávat práci; je nutno přečíst pár článků a nakonec zvolit si téma semestrálního projektu a tento projekt o celkových třech částech úspěšně implementovat a odprezentovat. Ne, že by se jednalo o enormní práci a je možné to zvládnout v rozumném čase, ovšem v porovnáním s některými jinými kurzy je to o trochu náročnější čtyřkreditový předmět, s čímž je dobré počítat předem. Navíc musím říct, že ne vždy jsem z přednášky hned pochopil, o čem jsme se tam bavili (možná to je i tím, že byla v angličtině), ovšem na cvičení se to vyjasnilo."
NSWI166,,přednáška,07.09.2025,2. ročník,Informatika - Softwarové a datové inženýrství,"Předmět skvělý pro lidi, které téma zajímá. Nejsou to kredity zadarmo (práce v průběhu semestru, závěrečný projekt o několika částech), ale když to člověka baví, tak se toho v předmětu naučí opravdu hodně. Jeden z mála předmětů, kde jsem měla opravdu ""vysokoškolský"" pocit díky zapojení paperů (do výuky a active reading)."
NSWI166,,přednáška,23.06.2025,1. ročník,Informatika - Softwarové a datové inženýrství,Super předmět.
NSWI166,,přednáška,31.07.2024,1. ročník,Computer Science - Theoretical Computer Science,Overall the topics were interesting and the teacher was quite organized during the lectures.
NSWI166,,přednáška,29.06.2024,1. ročník,Informatika - Softwarové a datové inženýrství,"Předmět mě zaujal tím, že probíraná tematika je velmi aktuální a jde o zajímavé problémy, kterým čelí mnoho větších i menších firem na trhu. Kromě klasického výkladu jsme měli za úkol přečíst i několik článků, což bylo také trochu neobvyklé, ale zajímavé. Obecně se mi to tedy velmi líbilo. Co by šlo zlepšit jsou možná slides k předmětu - je jich mnoho a přitom některé jsou až moc detailní a vlastně zbytečně složité, na druhou stranu některá témata ve slidech tolik rozepsaná nejsou a přitom u zkoušky jsou potřeba. Zkouška byla v každém případě férová a nemůžu si stěžovat. Líbila se mi i guest lecture. Ještě přidám dodatek k lineárnímu modelu - přednášky mi k tomuto tématu přišly zajímavé, ale možná by se hodilo ukázat nějaké větší propojení i s praxí (resp. kódem) a přestože chápu, že šlo o ukázání doporučovacího systému na papíře, tak mi to až tak podstatné nepřijde a do zkoušky poměrně zbytečné."
NSWI035,"Mgr. Tomáš Faltín, Ph.D.",přednáška,12.02.2026,1. Ročník,Computer Science,"Thomas was really nice to talk to and I believe he tried his best with the materials he had. However, the lectures felt really unprepared and with no clear structure."
NSWI035,"Mgr. Tomáš Faltín, Ph.D.",přednáška,06.01.2026,1. Ročník,Computer Science - Artificial Intelligence,"Energetic, gives us nice life examples to help us understand hard materials. Approachable."
NSWI035,"RNDr. Filip Zavoral, Ph.D.",přednáška,14.02.2026,1. ročník,Informatika - Softwarové systémy,"Distribuované systémy se mi líbily a pan doktor Zavoral je srozumitelně přednáší (a občas to proloží nějakým vtipem). Na otázky studentům vždy zodpovídal rád a bez problémů. Zkouška mi přišla férová. Slyšel jsem, že se ostatní studenty snaží nevést na správnou cestu a nechává je si věci případně rozmyslet. Osobně jsem ale s panem doktorem interagoval jen zhruba 20 sekund, kdy mi řekl, že si mou přípravu přečetl, mám to hezké a jen se doptal na jeden detail. Už to tu bylo psáno mnohokrát, ale tento předmět by si opravdu zasloužil cvičení, jelikož přednáška je čistě teoretická a podívat se i na praktickou stránku věci by bylo krásné. Myslím, že to je ale z části pokryto jinými předměty, jako např. Middleware a trochu i pokročilé para. Také by mi vůbec nevadilo, kdyby se zredukoval počet algoritmů, které se probírají a ty zbylé se probraly více do hloubky. Například si ukázali pseudokód, nějaký důkaz správnosti a časové složitosti a dokázali si nějaká pozorování o algoritmu. Třeba při vyloučení procesů se probírají asi tři různé token-based algoritmy, kde každý je popsán jen zhruba třemi odrážkami. Největším nedostatkem předmětu jsou materiály. Slajdy sice obsahují všechnu probranou látku, ale někdy je to jen heslovitě nebo schématicky. Značení není jednoznačné, někdy se vektor indexuje spodním indexem, někdy je to ""argument funkce"" v závorkách. Takových nedostatků a ""abuse of notation"" je ve slajdech více. Nejvíce mi při učení pomohly zápisky nějakého studenta z roku 21/22, které jsem našel na matfyz fóru, jelikož to byly víceméně přepisy videozáznamů přednášky. Tyto videozáznamy jsem bohužel nikde nenašel a myslím, že aspoň jejich zveřejnění a nebo vytvoření nových by s tímto problémem pomohlo."
NSWI035,"RNDr. Filip Zavoral, Ph.D.",přednáška,29.01.2026,1. ročník,Informatika - Softwarové systémy,"Výborný přednes, dokáže vysvětlit problematiku a zdůraznit nejdůležitější myšlenky. Poslední přednášku měl doktorand a ten byl příliš rychlý, hodně skákal aniž by uvedl do kontextu. Ale pro něj určitě dobrá zkušenost."
NSWI035,"RNDr. Filip Zavoral, Ph.D.",přednáška,22.01.2026,1. Ročník,Informatika - Softwarové systémy,"Moc pěkně předneseno, prezentace jsou také velmi povedené. Zkouška byla fajn. :)"
NSWI035,,přednáška,15.02.2026,1. ročník,Informatika - Softwarové systémy,"Od předmětu jsem čekal víc. Po zjištění, jak se distribuované systémy učí na top univerzitách, je mi to trošku líto. Tohle je předmět, který má velký potenciál, ale podle mě ho určitě nenaplnil. Určitě to není tím, že by pan Zavoral měl nedostatečné znalosti. Je vidět, že se v tomto prostředí dlouho pohybuje, ale přednášky pro mě zkrátka byly velmi nudné a neinteraktivní. Skripta existují jen v podobě prezentací plných pseudomatematických formalismů a klíčových slov, ze kterých jsem se nedokázal učit. V oblasti distribuovaných systémů je všechno spojené se vším, ale to jsem zjistil až při učení na zkoušku z materiálů jiných univerzit, protože z přednášek pana Zavorala jsem to prostě nevyčetl. Předmět má určitě potenciál. Distribuované systémy jsou plné zajímavých problémů, které jinde nenajdete, a ještě unikátnějších přístupů k nim. Zkouška pro mě byla náročná, protože jsem zkrátka nevěděl, na co se přesně učit."
NSWI035,,přednáška,14.02.2026,1. ročník,Informatika - Softwarové systémy,Pěkný průřez tématy distribuovaných systémů.
NSWI035,,přednáška,12.02.2026,1. Ročník,Computer Science,"I can not recommend this subject for English speaking students. It was heavily disorganized and hard to study for. There is a considerable amount on content that you simply have to study on your own since the slides are not really well prepared. Furthermore, the exam felt more like a gamble to get an easy topic rather than testing actual learning of the overall subject."
NSWI035,,přednáška,29.01.2026,1. ročník,Informatika - Softwarové systémy,"Výborně poskládaný předmět, který dává smysl a uvádí kompletně do problematiky distribuovaných systémů. Přednášky na sebe dobře navazovaly, byly záživné, šlo hlavně o idei, ale i tak nebyly technické detaily příliš náročné. Jedna přednáška byla reklama na předmět o bitcoinu, což je super možnost pro lidi si uvědomit, jestli tam chtějí nebo nechtějí chodit."
NSWI035,,přednáška,22.01.2026,1. Ročník,Informatika - Softwarové systémy,"Super, velmi zajímavý předmět. :) Je škoda, že tu podobných předmětů není víc - jak už tu někdo psal, tak máme celou katedru distribuovaných systémů, ale předmětů o distribuovaných systémech mi přijde, že moc ne, což je škoda."
NSWI035,,přednáška,13.02.2024,3. ročník,Informatika,Probíraná témata jsou zajímavá. Předmět pomáhá pochopit koncepty z jiných předmětu.
NPRG072,,seminář,04.06.2025,1. Ročník,Učitelství matematiky pro střední školy,"Je to bonusové zakončení jiného předmětu čili je to okk, pokud dostanete zápočet."
